Table 1a: All settlements by locality and Council area (sorted alphabetically by settlement),,,,,,
,,,,,,
"Settlement name1, 2",Settlement code,Locality name1,Locality code,Council area name,Council area code,
Aberchirder,S20000503,Aberchirder,S19000630,Aberdeenshire,S12000034,
"Aberdeen, Settlement of",S20000504,Aberdeen,S19000631,Aberdeen City,S12000033,
"Aberdeen, Settlement of",S20000504,Cove Bay,S19000781,Aberdeen City,S12000033,
"Aberdeen, Settlement of",S20000504,Dyce,S19000844,Aberdeen City,S12000033,
Aberdour,S20000505,Aberdour,S19000632,Fife,S12000015,
Aberfeldy,S20000506,Aberfeldy,S19000633,Perth & Kinross,S12000024,
Aberfoyle,S20000507,Aberfoyle,S19000634,Stirling,S12000030,
Aberlady,S20000508,Aberlady,S19000635,East Lothian,S12000010,
Aberlour,S20000509,Aberlour,S19000636,Moray,S12000020,
Abernethy,S20000510,Abernethy,S19000637,Perth & Kinross,S12000024,
Aboyne,S20000511,Aboyne,S19000638,Aberdeenshire,S12000034,
Airth,S20000512,Airth,S19000641,Falkirk,S12000014,
Alford,S20000513,Alford,S19000643,Aberdeenshire,S12000034,
Allanton,S20000514,Allanton,S19000644,North Lanarkshire,S12000044,
Alloa,S20000515,Alloa,S19000645,Clackmannanshire,S12000005,
Almondbank,S20000516,Almondbank,S19000646,Perth & Kinross,S12000024,
Alness,S20000517,Alness,S19000647,Highland,S12000017,
Alva,S20000518,Alva,S19000648,Clackmannanshire,S12000005,
Alyth,S20000519,Alyth,S19000649,Perth & Kinross,S12000024,
Annan,S20000520,Annan,S19000650,Dumfries & Galloway,S12000006,
Annbank,S20000521,Annbank,S19000651,South Ayrshire,S12000028,
Anstruther and Pittenweem,S20000522,Anstruther,S19000652,Fife,S12000015,
Anstruther and Pittenweem,S20000522,Pittenweem,S19001128,Fife,S12000015,
Arbroath,S20000523,Arbroath,S19000653,Angus,S12000041,
Ardersier,S20000524,Ardersier,S19000654,Highland,S12000017,
Ardrishaig,S20000525,Ardrishaig,S19000655,Argyll & Bute,S12000035,
"Ardrossan, Settlement of",S20000526,Ardrossan,S19000656,North Ayrshire,S12000021,
"Ardrossan, Settlement of",S20000526,Saltcoats,S19001169,North Ayrshire,S12000021,
"Ardrossan, Settlement of",S20000526,Stevenston,S19001199,North Ayrshire,S12000021,
Armadale,S20000527,Armadale,S19000657,West Lothian,S12000040,
Auchenblae,S20000528,Auchenblae,S19000659,Aberdeenshire,S12000034,
Auchinleck,S20000529,Auchinleck,S19000660,East Ayrshire,S12000008,
Auchinloch,S20000530,Auchinloch,S19000661,North Lanarkshire,S12000044,
Auchterarder,S20000531,Auchterarder,S19000662,Perth & Kinross,S12000024,
Auchtermuchty,S20000532,Auchtermuchty,S19000663,Fife,S12000015,
Auldearn,S20000533,Auldearn,S19000664,Highland,S12000017,
Aviemore,S20000534,Aviemore,S19000665,Highland,S12000017,
Avoch,S20000535,Avoch,S19000666,Highland,S12000017,
Avonbridge,S20000536,Avonbridge,S19000667,Falkirk,S12000014,
"Ayr, Settlement of",S20000537,Ayr,S19000668,South Ayrshire,S12000028,
"Ayr, Settlement of",S20000537,Monkton,S19001070,South Ayrshire,S12000028,
"Ayr, Settlement of",S20000537,Prestwick,S19001144,South Ayrshire,S12000028,
Ayton,S20000538,Ayton,S19000669,Scottish Borders,S12000026,
Baile a'Mhanaich (Balivanich),S20000539,Baile a'Mhanaich (Balivanich),S19000670,Eilean Siar,S12000013,
Balfron,S20000540,Balfron,S19000671,Stirling,S12000030,
Balintore,S20000541,Balintore,S19000672,Highland,S12000017,
Ballachulish,S20000542,Ballachulish,S19000673,Highland,S12000017,
Ballater,S20000543,Ballater,S19000674,Aberdeenshire,S12000034,
"Ballingry, Lochore and Crosshill",S20000544,"Ballingry, Lochore and Crosshill",S19000675,Fife,S12000015,
Balmedie,S20000545,Balmedie,S19000678,Aberdeenshire,S12000034,
Balmullo,S20000546,Balmullo,S19000679,Fife,S12000015,
Banchory,S20000547,Banchory,S19000681,Aberdeenshire,S12000034,
Banff,S20000548,Banff,S19000682,Aberdeenshire,S12000034,
Bankfoot,S20000549,Bankfoot,S19000683,Perth & Kinross,S12000024,
"Bathgate, Settlement of",S20000550,Bathgate,S19000688,West Lothian,S12000040,
"Bathgate, Settlement of",S20000550,Blackburn (West Lothian),S19000700,West Lothian,S12000040,
Beauly,S20000551,Beauly,S19000690,Highland,S12000017,
Beith,S20000552,Beith,S19000691,North Ayrshire,S12000021,
Bellsbank,S20000553,Bellsbank,S19000692,East Ayrshire,S12000008,
Biggar,S20000554,Biggar,S19000694,South Lanarkshire,S12000029,
Bilston,S20000555,Bilston,S19000695,Midlothian,S12000019,
Birkhill and Muirhead,S20000556,Birkhill and Muirhead,S19000696,Angus,S12000041,
Bishopton,S20000557,Bishopton,S19000698,Renfrewshire,S12000038,
Blackburn (Aberdeenshire),S20000558,Blackburn (Aberdeenshire),S19000699,Aberdeenshire,S12000034,
Blackford,S20000559,Blackford,S19000701,Perth & Kinross,S12000024,
Blackridge,S20000560,Blackridge,S19000702,West Lothian,S12000040,
Blairgowrie,S20000561,Blairgowrie,S19000703,Perth & Kinross,S12000024,
Blairhall,S20000562,Blairhall,S19000704,Fife,S12000015,
Boddam,S20000564,Boddam,S19000707,Aberdeenshire,S12000034,
Bo'ness,S20000563,Bo'ness,S19000706,Falkirk,S12000014,
"Bonnybridge, Settlement of",S20000565,Banknock,S19000684,Falkirk,S12000014,
"Bonnybridge, Settlement of",S20000565,Bonnybridge,S19000709,Falkirk,S12000014,
"Bonnybridge, Settlement of",S20000565,Denny,S19000815,Falkirk,S12000014,
"Bonnybridge, Settlement of",S20000565,Dennyloanhead,S19000816,Falkirk,S12000014,
"Bonnybridge, Settlement of",S20000565,Dunipace,S19000837,Falkirk,S12000014,
"Bonnybridge, Settlement of",S20000565,Greenhill,S19000914,Falkirk,S12000014,
"Bonnybridge, Settlement of",S20000565,Haggs and Longcroft,S19000921,Falkirk,S12000014,
"Bonnybridge, Settlement of",S20000565,Head of Muir,S19000928,Falkirk,S12000014,
"Bonnybridge, Settlement of",S20000565,High Bonnybridge,S19000930,Falkirk,S12000014,
Bowmore,S20000566,Bowmore,S19000713,Argyll & Bute,S12000035,
Braco,S20000567,Braco,S19000714,Perth & Kinross,S12000024,
Brae,S20000568,Brae,S19000715,Shetland Islands,S12000027,
Brechin,S20000569,Brechin,S19000717,Angus,S12000041,
Bridge of Earn,S20000570,Bridge of Earn,S19000719,Perth & Kinross,S12000024,
Bridge of Weir,S20000571,Bridge of Weir,S19000720,Renfrewshire,S12000038,
Bridgend,S20000572,Bridgend,S19000721,West Lothian,S12000040,
Broadford,S20000573,Broadford,S19000723,Highland,S12000017,
Brodick,S20000574,Brodick,S19000724,North Ayrshire,S12000021,
Brookfield,S20000575,Brookfield,S19000725,Renfrewshire,S12000038,
Brora,S20000576,Brora,S19000726,Highland,S12000017,
Broxburn,S20000577,Broxburn,S19000727,West Lothian,S12000040,
Buchlyvie,S20000578,Buchlyvie,S19000728,Stirling,S12000030,
Buckie,S20000579,Buckie,S19000730,Moray,S12000020,
Burghead,S20000580,Burghead,S19000731,Moray,S12000020,
Burntisland,S20000581,Burntisland,S19000732,Fife,S12000015,
Burrelton,S20000582,Burrelton,S19000733,Perth & Kinross,S12000024,
Cairneyhill,S20000583,Cairneyhill,S19000735,Fife,S12000015,
Calderbank,S20000584,Calderbank,S19000736,North Lanarkshire,S12000044,
Caldercruix,S20000585,Caldercruix,S19000737,North Lanarkshire,S12000044,
California,S20000586,California,S19000738,Falkirk,S12000014,
Callander,S20000587,Callander,S19000739,Stirling,S12000030,
Campbeltown,S20000588,Campbeltown,S19000741,Argyll & Bute,S12000035,
Cardenden and Auchterderran,S20000589,Cardenden and Auchterderran,S19000743,Fife,S12000015,
Cardrona,S20000590,Cardrona,S19000744,Scottish Borders,S12000026,
Cardross,S20000591,Cardross,S19000745,Argyll & Bute,S12000035,
Cargenbridge,S20000592,Cargenbridge,S19000747,Dumfries & Galloway,S12000006,
"Carluke, Settlement of",S20000593,Braidwood,S19000716,South Lanarkshire,S12000029,
"Carluke, Settlement of",S20000593,Carluke,S19000748,South Lanarkshire,S12000029,
Carmunnock,S20000594,Carmunnock,S19000749,Glasgow City,S12000046,
Carnoustie,S20000595,Carnoustie,S19000751,Angus,S12000041,
Carnwath,S20000596,Carnwath,S19000752,South Lanarkshire,S12000029,
Carstairs,S20000597,Carstairs,S19000755,South Lanarkshire,S12000029,
Carstairs Junction,S20000598,Carstairs Junction,S19000756,South Lanarkshire,S12000029,
Castle Douglas,S20000599,Castle Douglas,S19000757,Dumfries & Galloway,S12000006,
Castletown,S20000600,Castletown,S19000758,Highland,S12000017,
Catrine,S20000601,Catrine,S19000759,East Ayrshire,S12000008,
Ceres,S20000602,Ceres,S19000760,Fife,S12000015,
Chapelton,S20000603,Chapelton,S19000762,South Lanarkshire,S12000029,
Chirnside,S20000604,Chirnside,S19000763,Scottish Borders,S12000026,
"Chryston, Settlement of",S20000605,Chryston,S19000764,North Lanarkshire,S12000044,
"Chryston, Settlement of",S20000605,Muirhead,S19001078,North Lanarkshire,S12000044,
Clackmannan,S20000606,Clackmannan,S19000765,Clackmannanshire,S12000005,
Cleland,S20000607,Cleland,S19000767,North Lanarkshire,S12000044,
Coalburn,S20000608,Coalburn,S19000769,South Lanarkshire,S12000029,
Coaltown of Wemyss,S20000609,Coaltown of Wemyss,S19000772,Fife,S12000015,
Coatbridge and Airdrie,S20000610,Airdrie,S19000640,North Lanarkshire,S12000044,
Coatbridge and Airdrie,S20000610,Bargeddie,S19000686,North Lanarkshire,S12000044,
Coatbridge and Airdrie,S20000610,Chapelhall,S19000761,North Lanarkshire,S12000044,
Coatbridge and Airdrie,S20000610,Coatbridge,S19000773,North Lanarkshire,S12000044,
Cockenzie,S20000611,Cockenzie,S19000774,East Lothian,S12000010,
Coldingham,S20000612,Coldingham,S19000775,Scottish Borders,S12000026,
Coldstream,S20000613,Coldstream,S19000776,Scottish Borders,S12000026,
Comrie (Perth and Kinross),S20000614,Comrie (Perth and Kinross),S19000778,Perth & Kinross,S12000024,
Conon Bridge and Maryburgh,S20000615,Conon Bridge,S19000779,Highland,S12000017,
Conon Bridge and Maryburgh,S20000615,Maryburgh,S19001047,Highland,S12000017,
Coupar Angus,S20000616,Coupar Angus,S19000780,Perth & Kinross,S12000024,
"Cowdenbeath, Settlement of",S20000617,Cowdenbeath,S19000782,Fife,S12000015,
"Cowdenbeath, Settlement of",S20000617,Lochgelly and Lumphinnans,S19001028,Fife,S12000015,
Cowie,S20000618,Cowie,S19000783,Stirling,S12000030,
Coylton,S20000619,Coylton,S19000784,South Ayrshire,S12000028,
Crail,S20000620,Crail,S19000785,Fife,S12000015,
Creetown,S20000621,Creetown,S19000786,Dumfries & Galloway,S12000006,
Crieff,S20000622,Crieff,S19000787,Perth & Kinross,S12000024,
Crimond,S20000623,Crimond,S19000788,Aberdeenshire,S12000034,
Cromarty,S20000624,Cromarty,S19000789,Highland,S12000017,
Crook of Devon,S20000625,Crook of Devon,S19000790,Perth & Kinross,S12000024,
Crossford (Fife),S20000626,Crossford (Fife),S19000791,Fife,S12000015,
Crossford (South Lanarkshire),S20000627,Crossford (South Lanarkshire),S19000792,South Lanarkshire,S12000029,
Crosshill,S20000628,Crosshill,S19000794,South Ayrshire,S12000028,
Crosshouse,S20000629,Crosshouse,S19000795,East Ayrshire,S12000008,
Croy,S20000630,Croy,S19000796,North Lanarkshire,S12000044,
Cruden Bay,S20000631,Cruden Bay,S19000797,Aberdeenshire,S12000034,
Cullen,S20000632,Cullen,S19000798,Moray,S12000020,
"Culloden, Settlement of",S20000633,Balloch,S19000676,Highland,S12000017,
"Culloden, Settlement of",S20000633,Culloden,S19000799,Highland,S12000017,
"Culloden, Settlement of",S20000633,Smithton,S19001182,Highland,S12000017,
"Culloden, Settlement of",S20000633,Westhill (Highland),S19001259,Highland,S12000017,
Cumbernauld (part),S20000634,Cumbernauld (part),S19000800,East Dunbartonshire,S12000045,
Cumbernauld (part),S20000634,Cumbernauld (part),S19000800,North Lanarkshire,S12000044,
Cuminestown,S20000635,Cuminestown,S19000801,Aberdeenshire,S12000034,
Cumnock,S20000636,Cumnock,S19000802,East Ayrshire,S12000008,
Cupar,S20000637,Cupar,S19000803,Fife,S12000015,
Dailly,S20000638,Dailly,S19000804,South Ayrshire,S12000028,
Dalbeattie,S20000639,Dalbeattie,S19000805,Dumfries & Galloway,S12000006,
Dalgety Bay,S20000640,Dalgety Bay,S19000806,Fife,S12000015,
"Dalkeith, Settlement of",S20000641,Bonnyrigg,S19000710,Midlothian,S12000019,
"Dalkeith, Settlement of",S20000641,Dalkeith,S19000807,Midlothian,S12000019,
"Dalkeith, Settlement of",S20000641,Mayfield,S19001052,Midlothian,S12000019,
Dalmellington,S20000642,Dalmellington,S19000808,East Ayrshire,S12000008,
Dalry,S20000643,Dalry,S19000809,North Ayrshire,S12000021,
Dalrymple,S20000644,Dalrymple,S19000810,East Ayrshire,S12000008,
Danderhall,S20000645,Danderhall,S19000811,Midlothian,S12000019,
Darvel,S20000646,Darvel,S19000812,East Ayrshire,S12000008,
Dechmont,S20000647,Dechmont,S19000813,West Lothian,S12000040,
Denholm,S20000648,Denholm,S19000814,Scottish Borders,S12000026,
Dingwall,S20000649,Dingwall,S19000817,Highland,S12000017,
Dollar,S20000650,Dollar,S19000818,Clackmannanshire,S12000005,
Dornoch,S20000651,Dornoch,S19000819,Highland,S12000017,
Douglas,S20000652,Douglas,S19000820,South Lanarkshire,S12000029,
Doune,S20000653,Doune,S19000821,Stirling,S12000030,
Drongan,S20000654,Drongan,S19000823,East Ayrshire,S12000008,
Drumnadrochit,S20000655,Drumnadrochit,S19000824,Highland,S12000017,
Drumoak,S20000656,Drumoak,S19000825,Aberdeenshire,S12000034,
Drymen,S20000657,Drymen,S19000826,Stirling,S12000030,
Dufftown,S20000658,Dufftown,S19000827,Moray,S12000020,
Dullatur,S20000659,Dullatur,S19000828,North Lanarkshire,S12000044,
"Dumbarton, Settlement of",S20000660,Dumbarton,S19000829,West Dunbartonshire,S12000039,
"Dumbarton, Settlement of",S20000660,Milton,S19001062,West Dunbartonshire,S12000039,
Dumfries,S20000661,Dumfries,S19000830,Dumfries & Galloway,S12000006,
Dunbar,S20000662,Dunbar,S19000831,East Lothian,S12000010,
Dunbeg,S20000663,Dunbeg,S19000832,Argyll & Bute,S12000035,
Dunblane,S20000664,Dunblane,S19000833,Stirling,S12000030,
"Dundee, Settlement of (part)",S20000665,Dundee (part),S19000834,Angus,S12000041,
"Dundee, Settlement of (part)",S20000665,Monifieth,S19001069,Angus,S12000041,
"Dundee, Settlement of (part)",S20000665,Dundee (part),S19000834,Dundee City,S12000042,
"Dundee, Settlement of (part)",S20000665,Invergowrie,S19000949,Perth & Kinross,S12000024,
Dundonald,S20000666,Dundonald,S19000835,South Ayrshire,S12000028,
"Dunfermline, Settlement of",S20000667,Crossgates,S19000793,Fife,S12000015,
"Dunfermline, Settlement of",S20000667,Dunfermline,S19000836,Fife,S12000015,
"Dunfermline, Settlement of",S20000667,Inverkeithing,S19000950,Fife,S12000015,
"Dunfermline, Settlement of",S20000667,Rosyth,S19001161,Fife,S12000015,
Dunkeld and Birnam,S20000668,Dunkeld and Birnam,S19000838,Perth & Kinross,S12000024,
Dunlop,S20000669,Dunlop,S19000839,East Ayrshire,S12000008,
Dunning,S20000670,Dunning,S19000840,Perth & Kinross,S12000024,
"Dunoon, Settlement of",S20000671,Dunoon,S19000841,Argyll & Bute,S12000035,
"Dunoon, Settlement of",S20000671,Sandbank,S19001170,Argyll & Bute,S12000035,
Duns,S20000672,Duns,S19000842,Scottish Borders,S12000026,
Eaglesfield,S20000673,Eaglesfield,S19000845,Dumfries & Galloway,S12000006,
Eaglesham,S20000674,Eaglesham,S19000846,East Renfrewshire,S12000011,
Earlston,S20000675,Earlston,S19000847,Scottish Borders,S12000026,
East Calder,S20000676,East Calder,S19000848,West Lothian,S12000040,
East Kilbride,S20000677,East Kilbride,S19000849,South Lanarkshire,S12000029,
East Linton,S20000678,East Linton,S19000850,East Lothian,S12000010,
East Wemyss,S20000679,East Wemyss,S19000851,Fife,S12000015,
Eastriggs,S20000680,Eastriggs,S19000853,Dumfries & Galloway,S12000006,
Ecclefechan,S20000681,Ecclefechan,S19000854,Dumfries & Galloway,S12000006,
"Edinburgh, Settlement of (part)",S20000682,Musselburgh,S19001081,East Lothian,S12000010,
"Edinburgh, Settlement of (part)",S20000682,Edinburgh,S19000855,"Edinburgh, City of",S12000036,
Edzell,S20000683,Edzell,S19000856,Angus,S12000041,
Elgin,S20000684,Elgin,S19000858,Moray,S12000020,
Elie and Earlsferry,S20000685,Elie and Earlsferry,S19000859,Fife,S12000015,
Ellon,S20000686,Ellon,S19000860,Aberdeenshire,S12000034,
Elphinstone,S20000687,Elphinstone,S19000861,East Lothian,S12000010,
Errol,S20000688,Errol,S19000862,Perth & Kinross,S12000024,
"Erskine, Settlement of",S20000689,Erskine,S19000863,Renfrewshire,S12000038,
"Erskine, Settlement of",S20000689,Inchinnan,S19000940,Renfrewshire,S12000038,
Evanton,S20000690,Evanton,S19000864,Highland,S12000017,
Eyemouth,S20000691,Eyemouth,S19000865,Scottish Borders,S12000026,
Fairlie,S20000692,Fairlie,S19000867,North Ayrshire,S12000021,
"Falkirk, Settlement of",S20000693,Brightons,S19000722,Falkirk,S12000014,
"Falkirk, Settlement of",S20000693,Carron,S19000753,Falkirk,S12000014,
"Falkirk, Settlement of",S20000693,Carronshore,S19000754,Falkirk,S12000014,
"Falkirk, Settlement of",S20000693,Falkirk,S19000868,Falkirk,S12000014,
"Falkirk, Settlement of",S20000693,Grangemouth,S19000912,Falkirk,S12000014,
"Falkirk, Settlement of",S20000693,Larbert,S19001004,Falkirk,S12000014,
"Falkirk, Settlement of",S20000693,Laurieston,S19001009,Falkirk,S12000014,
"Falkirk, Settlement of",S20000693,Maddiston,S19001044,Falkirk,S12000014,
"Falkirk, Settlement of",S20000693,Polmont,S19001132,Falkirk,S12000014,
"Falkirk, Settlement of",S20000693,Redding,S19001150,Falkirk,S12000014,
"Falkirk, Settlement of",S20000693,Reddingmuirhead,S19001151,Falkirk,S12000014,
"Falkirk, Settlement of",S20000693,Rumford,S19001165,Falkirk,S12000014,
"Falkirk, Settlement of",S20000693,Stenhousemuir,S19001196,Falkirk,S12000014,
"Falkirk, Settlement of",S20000693,Wallacestone,S19001249,Falkirk,S12000014,
"Falkirk, Settlement of",S20000693,Westquarter,S19001260,Falkirk,S12000014,
Falkland,S20000694,Falkland,S19000869,Fife,S12000015,
Fallin,S20000695,Fallin,S19000870,Stirling,S12000030,
Fauldhouse,S20000696,Fauldhouse,S19000871,West Lothian,S12000040,
Fenwick,S20000697,Fenwick,S19000872,East Ayrshire,S12000008,
Findhorn,S20000698,Findhorn,S19000874,Moray,S12000020,
Findochty,S20000699,Findochty,S19000875,Moray,S12000020,
Fochabers,S20000700,Fochabers,S19000876,Moray,S12000020,
Forfar,S20000701,Forfar,S19000877,Angus,S12000041,
Forgandenny,S20000702,Forgandenny,S19000878,Perth & Kinross,S12000024,
Forres,S20000703,Forres,S19000879,Moray,S12000020,
Fort Augustus,S20000704,Fort Augustus,S19000880,Highland,S12000017,
"Fort William, Settlement of",S20000705,Banavie and Corpach,S19000680,Highland,S12000017,
"Fort William, Settlement of",S20000705,Caol,S19000742,Highland,S12000017,
"Fort William, Settlement of",S20000705,Fort William,S19000881,Highland,S12000017,
Forth,S20000706,Forth,S19000882,South Lanarkshire,S12000029,
Fortrose,S20000707,Fortrose,S19000883,Highland,S12000017,
Fraserburgh,S20000708,Fraserburgh,S19000884,Aberdeenshire,S12000034,
Freuchie,S20000709,Freuchie,S19000885,Fife,S12000015,
Friockheim,S20000710,Friockheim,S19000886,Angus,S12000041,
"Galashiels, Settlement of",S20000711,Galashiels,S19000887,Scottish Borders,S12000026,
"Galashiels, Settlement of",S20000711,Tweedbank,S19001243,Scottish Borders,S12000026,
Galston,S20000712,Galston,S19000888,East Ayrshire,S12000008,
Gardenstown,S20000713,Gardenstown,S19000889,Aberdeenshire,S12000034,
Garelochhead,S20000714,Garelochhead,S19000890,Argyll & Bute,S12000035,
Gargunnock,S20000715,Gargunnock,S19000891,Stirling,S12000030,
Garmouth,S20000716,Garmouth,S19000892,Moray,S12000020,
Gartcosh,S20000717,Gartcosh,S19000893,North Lanarkshire,S12000044,
Gatehouse of Fleet,S20000718,Gatehouse of Fleet,S19000894,Dumfries & Galloway,S12000006,
Gauldry,S20000719,Gauldry,S19000895,Fife,S12000015,
Gifford,S20000720,Gifford,S19000897,East Lothian,S12000010,
Girvan,S20000721,Girvan,S19000898,South Ayrshire,S12000028,
Glassford,S20000722,Glassford,S19000900,South Lanarkshire,S12000029,
Glenboig,S20000723,Glenboig,S19000901,North Lanarkshire,S12000044,
Glenfarg,S20000724,Glenfarg,S19000902,Perth & Kinross,S12000024,
Glenluce,S20000725,Glenluce,S19000903,Dumfries & Galloway,S12000006,
Glenmavis,S20000726,Glenmavis,S19000904,North Lanarkshire,S12000044,
"Glenrothes, Settlement of",S20000727,Coaltown of Balgonie,S19000771,Fife,S12000015,
"Glenrothes, Settlement of",S20000727,Glenrothes,S19000906,Fife,S12000015,
"Glenrothes, Settlement of",S20000727,Leslie,S19001014,Fife,S12000015,
"Glenrothes, Settlement of",S20000727,Markinch,S19001046,Fife,S12000015,
"Glenrothes, Settlement of",S20000727,Thornton,S19001227,Fife,S12000015,
Golspie,S20000728,Golspie,S19000907,Highland,S12000017,
Gorebridge,S20000729,Gorebridge,S19000908,Midlothian,S12000019,
Gourdon,S20000730,Gourdon,S19000909,Aberdeenshire,S12000034,
Grantown-on-Spey,S20000731,Grantown-on-Spey,S19000913,Highland,S12000017,
Greater Glasgow (part),S20000732,Bearsden,S19000689,East Dunbartonshire,S12000045,
Greater Glasgow (part),S20000732,Bishopbriggs,S19000697,East Dunbartonshire,S12000045,
Greater Glasgow (part),S20000732,Faifley (part),S19000866,East Dunbartonshire,S12000045,
Greater Glasgow (part),S20000732,Glasgow (part),S19000899,East Dunbartonshire,S12000045,
Greater Glasgow (part),S20000732,Milngavie,S19001061,East Dunbartonshire,S12000045,
Greater Glasgow (part),S20000732,Barrhead (part),S19000687,East Renfrewshire,S12000011,
Greater Glasgow (part),S20000732,Busby,S19000734,East Renfrewshire,S12000011,
Greater Glasgow (part),S20000732,Clarkston,S19000766,East Renfrewshire,S12000011,
Greater Glasgow (part),S20000732,Giffnock,S19000896,East Renfrewshire,S12000011,
Greater Glasgow (part),S20000732,Netherlee (part),S19001086,East Renfrewshire,S12000011,
Greater Glasgow (part),S20000732,Newton Mearns,S19001101,East Renfrewshire,S12000011,
Greater Glasgow (part),S20000732,Stamperland,S19001194,East Renfrewshire,S12000011,
Greater Glasgow (part),S20000732,Thornliebank,S19001226,East Renfrewshire,S12000011,
Greater Glasgow (part),S20000732,Barrhead (part),S19000687,Glasgow City,S12000046,
Greater Glasgow (part),S20000732,Glasgow (part),S19000899,Glasgow City,S12000046,
Greater Glasgow (part),S20000732,Netherlee (part),S19001086,Glasgow City,S12000046,
Greater Glasgow (part),S20000732,Stepps (part),S19001198,Glasgow City,S12000046,
Greater Glasgow (part),S20000732,Stepps (part),S19001198,North Lanarkshire,S12000044,
Greater Glasgow (part),S20000732,Elderslie,S19000857,Renfrewshire,S12000038,
Greater Glasgow (part),S20000732,Glasgow (part),S19000899,Renfrewshire,S12000038,
Greater Glasgow (part),S20000732,Johnstone,S19000957,Renfrewshire,S12000038,
Greater Glasgow (part),S20000732,Kilbarchan,S19000963,Renfrewshire,S12000038,
Greater Glasgow (part),S20000732,Linwood,S19001023,Renfrewshire,S12000038,
Greater Glasgow (part),S20000732,Paisley,S19001117,Renfrewshire,S12000038,
Greater Glasgow (part),S20000732,Renfrew,S19001152,Renfrewshire,S12000038,
Greater Glasgow (part),S20000732,Cambuslang,S19000740,South Lanarkshire,S12000029,
Greater Glasgow (part),S20000732,Glasgow (part),S19000899,South Lanarkshire,S12000029,
Greater Glasgow (part),S20000732,Rutherglen,S19001166,South Lanarkshire,S12000029,
Greater Glasgow (part),S20000732,Bowling,S19000712,West Dunbartonshire,S12000039,
Greater Glasgow (part),S20000732,Clydebank,S19000768,West Dunbartonshire,S12000039,
Greater Glasgow (part),S20000732,Duntocher and Hardgate,S19000843,West Dunbartonshire,S12000039,
Greater Glasgow (part),S20000732,Faifley (part),S19000866,West Dunbartonshire,S12000039,
Greater Glasgow (part),S20000732,Old Kilpatrick,S19001113,West Dunbartonshire,S12000039,
Greenlaw,S20000733,Greenlaw,S19000915,Scottish Borders,S12000026,
"Greenock, Settlement of",S20000734,Gourock,S19000910,Inverclyde,S12000018,
"Greenock, Settlement of",S20000734,Greenock,S19000916,Inverclyde,S12000018,
"Greenock, Settlement of",S20000734,Port Glasgow,S19001135,Inverclyde,S12000018,
Gretna,S20000735,Gretna,S19000917,Dumfries & Galloway,S12000006,
Gullane,S20000736,Gullane,S19000919,East Lothian,S12000010,
Haddington,S20000737,Haddington,S19000920,East Lothian,S12000010,
Halkirk,S20000738,Halkirk,S19000922,Highland,S12000017,
Hallglen,S20000739,Hallglen,S19000923,Falkirk,S12000014,
"Hamilton, Settlement of",S20000740,Blantyre,S19000705,South Lanarkshire,S12000029,
"Hamilton, Settlement of",S20000740,Bothwell,S19000711,South Lanarkshire,S12000029,
"Hamilton, Settlement of",S20000740,Hamilton,S19000924,South Lanarkshire,S12000029,
"Hamilton, Settlement of",S20000740,Uddingston,S19001244,South Lanarkshire,S12000029,
Harthill (part),S20000741,Harthill (Part),S19000925,North Lanarkshire,S12000044,
Harthill (part),S20000741,Harthill (Part),S19000925,West Lothian,S12000040,
Hatton of Cruden,S20000742,Hatton of Cruden,S19000926,Aberdeenshire,S12000034,
Hawick,S20000743,Hawick,S19000927,Scottish Borders,S12000026,
"Helensburgh, Settlement of",S20000744,Helensburgh,S19000929,Argyll & Bute,S12000035,
"Helensburgh, Settlement of",S20000744,Rhu,S19001154,Argyll & Bute,S12000035,
"High Valleyfield, Settlement of",S20000745,High Valleyfield,S19000931,Fife,S12000015,
"High Valleyfield, Settlement of",S20000745,Torryburn and Newmills,S19001236,Fife,S12000015,
Hillhead,S20000746,Hillhead,S19000932,South Ayrshire,S12000028,
Hillside,S20000747,Hillside,S19000933,Angus,S12000041,
Hopeman,S20000748,Hopeman,S19000935,Moray,S12000020,
Houston,S20000749,Houston,S19000936,Renfrewshire,S12000038,
Howwood,S20000750,Howwood,S19000937,Renfrewshire,S12000038,
Huntly,S20000751,Huntly,S19000938,Aberdeenshire,S12000034,
Inchture,S20000752,Inchture,S19000941,Perth & Kinross,S12000024,
Innellan,S20000753,Innellan,S19000942,Argyll & Bute,S12000035,
Innerleithen,S20000754,Innerleithen,S19000943,Scottish Borders,S12000026,
Insch,S20000755,Insch,S19000944,Aberdeenshire,S12000034,
Inverallochy and Cairnbulg,S20000756,Inverallochy and Cairnbulg,S19000945,Aberdeenshire,S12000034,
Inveraray,S20000757,Inveraray,S19000946,Argyll & Bute,S12000035,
Inverbervie,S20000758,Inverbervie,S19000947,Aberdeenshire,S12000034,
Invergordon,S20000759,Invergordon,S19000948,Highland,S12000017,
Inverkip,S20000760,Inverkip,S19000951,Inverclyde,S12000018,
Inverness,S20000761,Inverness,S19000952,Highland,S12000017,
Inverurie,S20000762,Inverurie,S19000953,Aberdeenshire,S12000034,
"Irvine, Settlement of",S20000763,Dreghorn,S19000822,North Ayrshire,S12000021,
"Irvine, Settlement of",S20000763,Irvine,S19000954,North Ayrshire,S12000021,
Jedburgh,S20000764,Jedburgh,S19000955,Scottish Borders,S12000026,
Johnshaven,S20000765,Johnshaven,S19000956,Aberdeenshire,S12000034,
Keith,S20000766,Keith,S19000958,Moray,S12000020,
Kelso and Maxwellheugh,S20000767,Kelso,S19000959,Scottish Borders,S12000026,
Kelso and Maxwellheugh,S20000767,Maxwellheugh,S19001050,Scottish Borders,S12000026,
Kelty (part),S20000768,Kelty (part),S19000960,Fife,S12000015,
Kelty (part),S20000768,Kelty (part),S19000960,Perth & Kinross,S12000024,
Kemnay,S20000769,Kemnay,S19000961,Aberdeenshire,S12000034,
Kilbirnie,S20000770,Kilbirnie,S19000964,North Ayrshire,S12000021,
Kilcreggan,S20000771,Kilcreggan,S19000965,Argyll & Bute,S12000035,
Killearn,S20000772,Killearn,S19000966,Stirling,S12000030,
Killin,S20000773,Killin,S19000967,Stirling,S12000030,
Kilmacolm,S20000774,Kilmacolm,S19000968,Inverclyde,S12000018,
"Kilmarnock, Settlement of",S20000775,Hurlford and Crookedholm,S19000939,East Ayrshire,S12000008,
"Kilmarnock, Settlement of",S20000775,Kilmarnock,S19000969,East Ayrshire,S12000008,
Kilmaurs,S20000776,Kilmaurs,S19000970,East Ayrshire,S12000008,
Kilsyth,S20000777,Kilsyth,S19000971,North Lanarkshire,S12000044,
Kilwinning,S20000778,Kilwinning,S19000972,North Ayrshire,S12000021,
Kincardine,S20000779,Kincardine,S19000973,Fife,S12000015,
Kinghorn,S20000780,Kinghorn,S19000974,Fife,S12000015,
Kinglassie,S20000781,Kinglassie,S19000975,Fife,S12000015,
Kingseat (Aberdeenshire),S20000782,Kingseat (Aberdeenshire),S19000976,Aberdeenshire,S12000034,
Kingseat (Fife),S20000783,Kingseat (Fife),S19000977,Fife,S12000015,
Kingskettle,S20000784,Kingskettle,S19000978,Fife,S12000015,
Kingswells,S20000785,Kingswells,S19000979,Aberdeen City,S12000033,
Kingussie,S20000786,Kingussie,S19000980,Highland,S12000017,
Kinlochleven,S20000787,Kinlochleven,S19000981,Highland,S12000017,
Kinloss,S20000788,Kinloss,S19000982,Moray,S12000020,
Kinnesswood,S20000789,Kinnesswood,S19000983,Perth & Kinross,S12000024,
Kinross,S20000790,Kinross,S19000984,Perth & Kinross,S12000024,
Kintore,S20000791,Kintore,S19000985,Aberdeenshire,S12000034,
Kippen,S20000792,Kippen,S19000986,Stirling,S12000030,
Kirkcaldy,S20000793,Kirkcaldy,S19000987,Fife,S12000015,
Kirkconnel,S20000794,Kirkconnel,S19000988,Dumfries & Galloway,S12000006,
Kirkcudbright,S20000795,Kirkcudbright,S19000989,Dumfries & Galloway,S12000006,
Kirkfieldbank,S20000796,Kirkfieldbank,S19000990,South Lanarkshire,S12000029,
Kirkhill,S20000797,Kirkhill,S19000991,Highland,S12000017,
"Kirkintilloch, Settlement of",S20000798,Kirkintilloch,S19000992,East Dunbartonshire,S12000045,
"Kirkintilloch, Settlement of",S20000798,Lenzie,S19001012,East Dunbartonshire,S12000045,
Kirkliston,S20000799,Kirkliston,S19000993,"Edinburgh, City of",S12000036,
Kirkmuirhill and Blackwood,S20000800,Kirkmuirhill and Blackwood,S19000994,South Lanarkshire,S12000029,
Kirknewton,S20000801,Kirknewton,S19000995,West Lothian,S12000040,
Kirkwall,S20000802,Kirkwall,S19000996,Orkney Islands,S12000023,
Kirriemuir,S20000803,Kirriemuir,S19000997,Angus,S12000041,
Kyle of Lochalsh,S20000804,Kyle of Lochalsh,S19000998,Highland,S12000017,
Ladybank,S20000805,Ladybank,S19000999,Fife,S12000015,
Lamlash,S20000806,Lamlash,S19001000,North Ayrshire,S12000021,
Lanark,S20000807,Lanark,S19001001,South Lanarkshire,S12000029,
Langbank,S20000808,Langbank,S19001002,Renfrewshire,S12000038,
Langholm,S20000809,Langholm,S19001003,Dumfries & Galloway,S12000006,
Largs,S20000810,Largs,S19001005,North Ayrshire,S12000021,
"Larkhall, Settlement of",S20000811,Ashgill,S19000658,South Lanarkshire,S12000029,
"Larkhall, Settlement of",S20000811,Larkhall,S19001006,South Lanarkshire,S12000029,
Lauder,S20000812,Lauder,S19001007,Scottish Borders,S12000026,
Laurencekirk,S20000813,Laurencekirk,S19001008,Aberdeenshire,S12000034,
Law,S20000814,Law,S19001010,South Lanarkshire,S12000029,
Lennoxtown,S20000815,Lennoxtown,S19001011,East Dunbartonshire,S12000045,
Lerwick,S20000816,Lerwick,S19001013,Shetland Islands,S12000027,
Lesmahagow,S20000817,Lesmahagow,S19001015,South Lanarkshire,S12000029,
Letham,S20000818,Letham,S19001016,Angus,S12000041,
"Leuchars, Settlement of",S20000819,Guardbridge,S19000918,Fife,S12000015,
"Leuchars, Settlement of",S20000819,Leuchars,S19001017,Fife,S12000015,
Lhanbryde,S20000820,Lhanbryde,S19001019,Moray,S12000020,
Liff (part),S20000821,Liff (part),S19001020,Angus,S12000041,
Liff (part),S20000821,Liff (part),S19001020,Dundee City,S12000042,
Limekilns,S20000822,Limekilns,S19001021,Fife,S12000015,
Linlithgow,S20000823,Linlithgow,S19001022,West Lothian,S12000040,
"Livingston, Settlement of",S20000824,Livingston,S19001024,West Lothian,S12000040,
"Livingston, Settlement of",S20000824,Mid Calder,S19001057,West Lothian,S12000040,
Loanhead,S20000825,Loanhead,S19001025,Midlothian,S12000019,
Loans,S20000826,Loans,S19001026,South Ayrshire,S12000028,
Locharbriggs,S20000827,Locharbriggs,S19001027,Dumfries & Galloway,S12000006,
Lochgilphead,S20000828,Lochgilphead,S19001029,Argyll & Bute,S12000035,
Lochmaben,S20000829,Lochmaben,S19001030,Dumfries & Galloway,S12000006,
Lochwinnoch,S20000830,Lochwinnoch,S19001031,Renfrewshire,S12000038,
Lockerbie,S20000831,Lockerbie,S19001032,Dumfries & Galloway,S12000006,
Logan,S20000832,Logan,S19001033,East Ayrshire,S12000008,
Longforgan,S20000833,Longforgan,S19001034,Perth & Kinross,S12000024,
Longniddry,S20000834,Longniddry,S19001035,East Lothian,S12000010,
Longridge,S20000835,Longridge,S19001036,West Lothian,S12000040,
Longside,S20000836,Longside,S19001037,Aberdeenshire,S12000034,
Lossiemouth,S20000837,Lossiemouth,S19001038,Moray,S12000020,
Lower Largo and Lundin Links,S20000838,Lower Largo and Lundin Links,S19001039,Fife,S12000015,
Lumphanan,S20000839,Lumphanan,S19001040,Aberdeenshire,S12000034,
Luncarty,S20000840,Luncarty,S19001041,Perth & Kinross,S12000024,
Macduff,S20000841,Macduff,S19001042,Aberdeenshire,S12000034,
Macmerry,S20000842,Macmerry,S19001043,East Lothian,S12000010,
Mallaig,S20000843,Mallaig,S19001045,Highland,S12000017,
Mauchline,S20000844,Mauchline,S19001048,East Ayrshire,S12000008,
Maud,S20000845,Maud,S19001049,Aberdeenshire,S12000034,
Maybole,S20000846,Maybole,S19001051,South Ayrshire,S12000028,
Melrose,S20000847,Melrose,S19001053,Scottish Borders,S12000026,
Menstrie,S20000848,Menstrie,S19001054,Clackmannanshire,S12000005,
"Methil, Leven and Buckhaven",S20000849,Buckhaven,S19000729,Fife,S12000015,
"Methil, Leven and Buckhaven",S20000849,Kennoway,S19000962,Fife,S12000015,
"Methil, Leven and Buckhaven",S20000849,Leven,S19001018,Fife,S12000015,
"Methil, Leven and Buckhaven",S20000849,Methil,S19001055,Fife,S12000015,
"Methil, Leven and Buckhaven",S20000849,Windygates,S19001270,Fife,S12000015,
Methven,S20000850,Methven,S19001056,Perth & Kinross,S12000024,
Millport,S20000851,Millport,S19001058,North Ayrshire,S12000021,
Milnathort,S20000852,Milnathort,S19001060,Perth & Kinross,S12000024,
Milton and Kildary,S20000853,Milton and Kildary,S19001063,Highland,S12000017,
Milton of Campsie,S20000854,Milton of Campsie,S19001064,East Dunbartonshire,S12000045,
Milton of Leys,S20000855,Milton of Leys,S19001065,Highland,S12000017,
Mintlaw,S20000856,Mintlaw,S19001066,Aberdeenshire,S12000034,
Moffat,S20000857,Moffat,S19001067,Dumfries & Galloway,S12000006,
Moniaive,S20000858,Moniaive,S19001068,Dumfries & Galloway,S12000006,
"Montrose, Settlement of",S20000859,Ferryden and Inchbraoch,S19000873,Angus,S12000041,
"Montrose, Settlement of",S20000859,Montrose,S19001071,Angus,S12000041,
Moodiesburn,S20000860,Moodiesburn,S19001072,North Lanarkshire,S12000044,
Morningside,S20000861,Morningside,S19001073,North Lanarkshire,S12000044,
Mossblown,S20000862,Mossblown,S19001074,South Ayrshire,S12000028,
Mosstodloch,S20000863,Mosstodloch,S19001075,Moray,S12000020,
Motherwell and Bellshill,S20000864,Bellshill,S19000693,North Lanarkshire,S12000044,
Motherwell and Bellshill,S20000864,Carfin,S19000746,North Lanarkshire,S12000044,
Motherwell and Bellshill,S20000864,Holytown,S19000934,North Lanarkshire,S12000044,
Motherwell and Bellshill,S20000864,Motherwell,S19001076,North Lanarkshire,S12000044,
Motherwell and Bellshill,S20000864,New Stevenston,S19001091,North Lanarkshire,S12000044,
Motherwell and Bellshill,S20000864,Newarthill,S19001092,North Lanarkshire,S12000044,
Motherwell and Bellshill,S20000864,Newmains,S19001097,North Lanarkshire,S12000044,
Motherwell and Bellshill,S20000864,Viewpark,S19001247,North Lanarkshire,S12000044,
Motherwell and Bellshill,S20000864,Wishaw,S19001271,North Lanarkshire,S12000044,
Muir of Ord,S20000865,Muir of Ord,S19001077,Highland,S12000017,
Muirkirk,S20000866,Muirkirk,S19001079,East Ayrshire,S12000008,
Murthly,S20000867,Murthly,S19001080,Perth & Kinross,S12000024,
Muthill,S20000868,Muthill,S19001082,Perth & Kinross,S12000024,
Nairn,S20000869,Nairn,S19001083,Highland,S12000017,
Neilston,S20000870,Neilston,S19001084,East Renfrewshire,S12000011,
Netherburn,S20000871,Netherburn,S19001085,South Lanarkshire,S12000029,
Nethy Bridge,S20000872,Nethy Bridge,S19001087,Highland,S12000017,
New Cumnock,S20000873,New Cumnock,S19001088,East Ayrshire,S12000008,
New Deer,S20000874,New Deer,S19001089,Aberdeenshire,S12000034,
New Pitsligo,S20000875,New Pitsligo,S19001090,Aberdeenshire,S12000034,
Newburgh (Aberdeenshire),S20000876,Newburgh (Aberdeenshire),S19001093,Aberdeenshire,S12000034,
Newburgh (Fife),S20000877,Newburgh (Fife),S19001094,Fife,S12000015,
Newcastleton,S20000878,Newcastleton,S19001095,Scottish Borders,S12000026,
Newmachar,S20000879,Newmachar,S19001096,Aberdeenshire,S12000034,
Newmilns,S20000880,Newmilns,S19001099,East Ayrshire,S12000008,
Newport-on-Tay and Wormit,S20000881,Newport-on-Tay and Wormit,S19001100,Fife,S12000015,
Newton Stewart,S20000882,Newton Stewart,S19001102,Dumfries & Galloway,S12000006,
Newtonhill,S20000883,Newtonhill,S19001103,Aberdeenshire,S12000034,
Newtonmore,S20000884,Newtonmore,S19001104,Highland,S12000017,
Newtown St Boswells,S20000885,Newtown St Boswells,S19001105,Scottish Borders,S12000026,
Newtyle,S20000886,Newtyle,S19001106,Angus,S12000041,
North Berwick,S20000887,North Berwick,S19001107,East Lothian,S12000010,
North Kessock,S20000888,North Kessock,S19001108,Highland,S12000017,
North Queensferry,S20000889,North Queensferry,S19001109,Fife,S12000015,
"Oakley, Settlement of",S20000890,Carnock,S19000750,Fife,S12000015,
"Oakley, Settlement of",S20000890,Comrie (Fife),S19000777,Fife,S12000015,
"Oakley, Settlement of",S20000890,Oakley,S19001110,Fife,S12000015,
Oban,S20000891,Oban,S19001111,Argyll & Bute,S12000035,
Ochiltree,S20000892,Ochiltree,S19001112,East Ayrshire,S12000008,
Oldmeldrum,S20000893,Oldmeldrum,S19001114,Aberdeenshire,S12000034,
Ormiston,S20000894,Ormiston,S19001115,East Lothian,S12000010,
"Overtown, Settlement of",S20000895,Gowkthrapple,S19000911,North Lanarkshire,S12000044,
"Overtown, Settlement of",S20000895,Overtown,S19001116,North Lanarkshire,S12000044,
Pathhead,S20000896,Pathhead,S19001118,Midlothian,S12000019,
Patna,S20000897,Patna,S19001119,East Ayrshire,S12000008,
Peebles,S20000898,Peebles,S19001120,Scottish Borders,S12000026,
Pencaitland,S20000899,Pencaitland,S19001121,East Lothian,S12000010,
Penicuik,S20000900,Penicuik,S19001122,Midlothian,S12000019,
Perth,S20000901,Perth,S19001123,Perth & Kinross,S12000024,
"Peterculter, Settlement of",S20000902,Milltimber,S19001059,Aberdeen City,S12000033,
"Peterculter, Settlement of",S20000902,Peterculter,S19001124,Aberdeen City,S12000033,
Peterhead,S20000903,Peterhead,S19001125,Aberdeenshire,S12000034,
Pitlochry,S20000904,Pitlochry,S19001126,Perth & Kinross,S12000024,
Pitmedden,S20000905,Pitmedden,S19001127,Aberdeenshire,S12000034,
Plains,S20000906,Plains,S19001129,North Lanarkshire,S12000044,
Plean,S20000907,Plean,S19001130,Stirling,S12000030,
Port Bannatyne,S20000908,Port Bannatyne,S19001133,Argyll & Bute,S12000035,
Port Ellen,S20000909,Port Ellen,S19001134,Argyll & Bute,S12000035,
Portgordon,S20000910,Portgordon,S19001136,Moray,S12000020,
Portknockie,S20000911,Portknockie,S19001137,Moray,S12000020,
Portlethen (part),S20000912,Portlethen (Part),S19001138,Aberdeen City,S12000033,
Portlethen (part),S20000912,Portlethen (Part),S19001138,Aberdeenshire,S12000034,
Portpatrick,S20000913,Portpatrick,S19001139,Dumfries & Galloway,S12000006,
Portree,S20000914,Portree,S19001140,Highland,S12000017,
Portsoy,S20000915,Portsoy,S19001141,Aberdeenshire,S12000034,
Potterton,S20000916,Potterton,S19001142,Aberdeenshire,S12000034,
Prestonpans,S20000917,Prestonpans,S19001143,East Lothian,S12000010,
Quarrier's Village,S20000918,Quarrier's Village,S19001145,Inverclyde,S12000018,
Quarter,S20000919,Quarter,S19001146,South Lanarkshire,S12000029,
Queenzieburn,S20000920,Queenzieburn,S19001147,North Lanarkshire,S12000044,
Ratho,S20000921,Ratho,S19001148,"Edinburgh, City of",S12000036,
Ratho Station,S20000922,Ratho Station,S19001149,"Edinburgh, City of",S12000036,
Rigside,S20000923,Rigside,S19001155,South Lanarkshire,S12000029,
Rosehearty,S20000924,Rosehearty,S19001156,Aberdeenshire,S12000034,
Rosemarkie,S20000925,Rosemarkie,S19001157,Highland,S12000017,
Rosewell,S20000926,Rosewell,S19001158,Midlothian,S12000019,
Roslin,S20000927,Roslin,S19001159,Midlothian,S12000019,
Rosneath,S20000928,Rosneath,S19001160,Argyll & Bute,S12000035,
Rothes,S20000929,Rothes,S19001162,Moray,S12000020,
Rothesay,S20000930,Rothesay,S19001163,Argyll & Bute,S12000035,
Rothienorman,S20000931,Rothienorman,S19001164,Aberdeenshire,S12000034,
Saline,S20000932,Saline,S19001167,Fife,S12000015,
Salsburgh,S20000933,Salsburgh,S19001168,North Lanarkshire,S12000044,
Sandhaven,S20000934,Sandhaven,S19001171,Aberdeenshire,S12000034,
Sanquhar,S20000935,Sanquhar,S19001173,Dumfries & Galloway,S12000006,
Scalloway,S20000936,Scalloway,S19001174,Shetland Islands,S12000027,
Scone,S20000937,Scone,S19001175,Perth & Kinross,S12000024,
Seafield,S20000938,Seafield,S19001176,West Lothian,S12000040,
Selkirk,S20000939,Selkirk,S19001177,Scottish Borders,S12000026,
Shieldhill,S20000940,Shieldhill,S19001178,Falkirk,S12000014,
"Shotts, Dykehead and Stane",S20000941,"Shotts, Dykehead and Stane",S19001179,North Lanarkshire,S12000044,
Slamannan,S20000942,Slamannan,S19001181,Falkirk,S12000014,
South Queensferry,S20000943,South Queensferry,S19001183,"Edinburgh, City of",S12000036,
Spean Bridge,S20000944,Spean Bridge,S19001184,Highland,S12000017,
Springfield,S20000945,Springfield,S19001185,Fife,S12000015,
Springside,S20000946,Springside,S19001186,North Ayrshire,S12000021,
St Andrews,S20000947,St Andrews,S19001187,Fife,S12000015,
St Boswells,S20000948,St Boswells,S19001188,Scottish Borders,S12000026,
St Combs,S20000949,St Combs,S19001189,Aberdeenshire,S12000034,
St Cyrus,S20000950,St Cyrus,S19001190,Aberdeenshire,S12000034,
St Fergus,S20000951,St Fergus,S19001191,Aberdeenshire,S12000034,
St Madoes and Glencarse,S20000952,St Madoes and Glencarse,S19001192,Perth & Kinross,S12000024,
St Monans,S20000953,St Monans,S19001193,Fife,S12000015,
Stanley,S20000954,Stanley,S19001195,Perth & Kinross,S12000024,
"Steornabhagh (Stornoway), Settlement of",S20000955,"Newmarket, Lacasdal and Bruach Mairi (Newmarket, Laxdale and Marybank)",S19001098,Eilean Siar,S12000013,
"Steornabhagh (Stornoway), Settlement of",S20000955,Sanndabhaig (Sandwick),S19001172,Eilean Siar,S12000013,
"Steornabhagh (Stornoway), Settlement of",S20000955,Steornabhagh (Stornoway),S19001197,Eilean Siar,S12000013,
Stewarton,S20000956,Stewarton,S19001200,East Ayrshire,S12000008,
"Stirling, Settlement of",S20000957,Bannockburn,S19000685,Stirling,S12000030,
"Stirling, Settlement of",S20000957,Bridge of Allan,S19000718,Stirling,S12000030,
"Stirling, Settlement of",S20000957,Stirling,S19001201,Stirling,S12000030,
Stonehaven,S20000958,Stonehaven,S19001202,Aberdeenshire,S12000034,
Stonehouse,S20000959,Stonehouse,S19001203,South Lanarkshire,S12000029,
"Stoneyburn, Settlement of",S20000960,Addiebrownhill,S19000639,West Lothian,S12000040,
"Stoneyburn, Settlement of",S20000960,Stoneyburn,S19001204,West Lothian,S12000040,
Stow,S20000961,Stow,S19001205,Scottish Borders,S12000026,
Stranraer,S20000962,Stranraer,S19001206,Dumfries & Galloway,S12000006,
Strathaven,S20000963,Strathaven,S19001207,South Lanarkshire,S12000029,
Strathblane,S20000964,Strathblane,S19001208,Stirling,S12000030,
Strathkinness,S20000965,Strathkinness,S19001209,Fife,S12000015,
Strathmiglo,S20000966,Strathmiglo,S19001210,Fife,S12000015,
Strathpeffer,S20000967,Strathpeffer,S19001211,Highland,S12000017,
Strichen,S20000968,Strichen,S19001212,Aberdeenshire,S12000034,
Stromness,S20000969,Stromness,S19001213,Orkney Islands,S12000023,
Stuartfield,S20000970,Stuartfield,S19001214,Aberdeenshire,S12000034,
Symington (South Ayrshire),S20000971,Symington (South Ayrshire),S19001215,South Ayrshire,S12000028,
Symington (South Lanarkshire),S20000972,Symington (South Lanarkshire),S19001216,South Lanarkshire,S12000029,
Tain,S20000973,Tain,S19001217,Highland,S12000017,
Tarbert,S20000974,Tarbert,S19001218,Argyll & Bute,S12000035,
Tarbolton,S20000975,Tarbolton,S19001219,South Ayrshire,S12000028,
Tarland,S20000976,Tarland,S19001220,Aberdeenshire,S12000034,
Tarves,S20000977,Tarves,S19001221,Aberdeenshire,S12000034,
Tayport,S20000978,Tayport,S19001222,Fife,S12000015,
Thankerton,S20000979,Thankerton,S19001223,South Lanarkshire,S12000029,
Thornhill (Dumfries and Galloway),S20000980,Thornhill (Dumfries and Galloway),S19001224,Dumfries & Galloway,S12000006,
Thornhill (Stirling),S20000981,Thornhill (Stirling),S19001225,Stirling,S12000030,
Thorntonhall,S20000982,Thorntonhall,S19001228,South Lanarkshire,S12000029,
Thurso,S20000983,Thurso,S19001229,Highland,S12000017,
Tighnabruaich,S20000984,Tighnabruaich,S19001230,Argyll & Bute,S12000035,
"Tillicoultry, Settlement of",S20000985,Coalsnaughton,S19000770,Clackmannanshire,S12000005,
"Tillicoultry, Settlement of",S20000985,Tillicoultry,S19001231,Clackmannanshire,S12000005,
Tobermory,S20000986,Tobermory,S19001232,Argyll & Bute,S12000035,
Torphichen,S20000987,Torphichen,S19001233,West Lothian,S12000040,
Torphins,S20000988,Torphins,S19001234,Aberdeenshire,S12000034,
Torrance,S20000989,Torrance,S19001235,East Dunbartonshire,S12000045,
Townhill,S20000990,Townhill,S19001237,Fife,S12000015,
Tranent,S20000991,Tranent,S19001238,East Lothian,S12000010,
Troon,S20000992,Troon,S19001239,South Ayrshire,S12000028,
"Tullibody, Settlement of",S20000993,Glenochil Village,S19000905,Clackmannanshire,S12000005,
"Tullibody, Settlement of",S20000993,Tullibody,S19001240,Clackmannanshire,S12000005,
Turriff,S20000994,Turriff,S19001241,Aberdeenshire,S12000034,
Twechar,S20000995,Twechar,S19001242,East Dunbartonshire,S12000045,
Ullapool,S20000996,Ullapool,S19001245,Highland,S12000017,
Uplawmoor,S20000997,Uplawmoor,S19001246,East Renfrewshire,S12000011,
Vale of Leven,S20000998,Alexandria,S19000642,West Dunbartonshire,S12000039,
Vale of Leven,S20000998,Balloch and Haldane,S19000677,West Dunbartonshire,S12000039,
Vale of Leven,S20000998,Bonhill,S19000708,West Dunbartonshire,S12000039,
Vale of Leven,S20000998,Renton,S19001153,West Dunbartonshire,S12000039,
Walkerburn,S20000999,Walkerburn,S19001248,Scottish Borders,S12000026,
Waterfoot (part),S20001000,Waterfoot (part),S19001250,East Renfrewshire,S12000011,
Waterfoot (part),S20001000,Waterfoot (part),S19001250,South Lanarkshire,S12000029,
Wattston and Greengairs,S20001001,Wattston and Greengairs,S19001251,North Lanarkshire,S12000044,
Wellbank,S20001002,Wellbank,S19001252,Angus,S12000041,
"Wemyss Bay, Settlement of (part)",S20001003,Wemyss Bay,S19001253,Inverclyde,S12000018,
"Wemyss Bay, Settlement of (part)",S20001003,Skelmorlie,S19001180,North Ayrshire,S12000021,
West Barns,S20001004,West Barns,S19001254,East Lothian,S12000010,
"West Calder, Settlement of",S20001005,Polbeth,S19001131,West Lothian,S12000040,
"West Calder, Settlement of",S20001005,West Calder,S19001255,West Lothian,S12000040,
West Kilbride,S20001006,West Kilbride,S19001256,North Ayrshire,S12000021,
West Linton,S20001007,West Linton,S19001257,Scottish Borders,S12000026,
Westhill (Aberdeenshire),S20001008,Westhill (Aberdeenshire),S19001258,Aberdeenshire,S12000034,
"Whitburn, Settlement of",S20001009,East Whitburn,S19000852,West Lothian,S12000040,
"Whitburn, Settlement of",S20001009,Whitburn,S19001261,West Lothian,S12000040,
Whitecraig,S20001010,Whitecraig,S19001262,East Lothian,S12000010,
Whitecross,S20001011,Whitecross,S19001263,Falkirk,S12000014,
Whitehills,S20001012,Whitehills,S19001264,Aberdeenshire,S12000034,
Whithorn,S20001013,Whithorn,S19001265,Dumfries & Galloway,S12000006,
Whiting Bay,S20001014,Whiting Bay,S19001266,North Ayrshire,S12000021,
Wick,S20001015,Wick,S19001267,Highland,S12000017,
Wigtown,S20001016,Wigtown,S19001268,Dumfries & Galloway,S12000006,
Winchburgh,S20001017,Winchburgh,S19001269,West Lothian,S12000040,
Yetholm,S20001018,Yetholm,S19001272,Scottish Borders,S12000026,
,,,,,,
Footnotes,,,,,,
1) Settlements and localities which cross Council area boundaries have been split into parts.,,,,,,
2) Where the locality within a settlement is not co-incidental but shares a name then the settlement has been explicitly identified,,,,,,
,,,,,,
© Crown Copyright 2014,,,,,,
