OA11CD,BUA11CD,BUA11NM,name,PCON11CD,PCON11NM,Count of Constituencies per City
E00000001,E34004707,Greater London BUA,Greater London,E14000639,Cities of London and Westminster,100
E00000037,E34004707,Greater London BUA,Greater London,E14000540,Barking,100
E00000135,E34004707,Greater London BUA,Greater London,E14000657,Dagenham and Rainham,100
E00000576,E34004707,Greater London BUA,Greater London,E14000636,Chipping Barnet,100
E00000622,E34004707,Greater London BUA,Greater London,E14000741,Hendon,100
E00000668,E34004707,Greater London BUA,Greater London,E14000703,Finchley and Golders Green,100
E00001591,E34004707,Greater London BUA,Greater London,E14000558,Bexleyheath and Crayford,100
E00001625,E34004707,Greater London BUA,Greater London,E14000696,Erith and Thamesmead,100
E00001662,E34004707,Greater London BUA,Greater London,E14000869,Old Bexley and Sidcup,100
E00002310,E34004707,Greater London BUA,Greater London,E14000592,Brent North,100
E00002383,E34004707,Greater London BUA,Greater London,E14000727,Hampstead and Kilburn,100
E00002422,E34004707,Greater London BUA,Greater London,E14000591,Brent Central,100
E00003110,E34004707,Greater London BUA,Greater London,E14000604,Bromley and Chislehurst,100
E00003155,E34004707,Greater London BUA,Greater London,E14000872,Orpington,100
E00003185,E34004707,Greater London BUA,Greater London,E14000551,Beckenham,100
E00003377,E34004707,Greater London BUA,Greater London,E14000788,Lewisham West and Penge,100
E00004169,E34004707,Greater London BUA,Greater London,E14000750,Holborn and St Pancras,100
E00004854,E34004707,Greater London BUA,Greater London,E14000654,Croydon Central,100
E00004956,E34004707,Greater London BUA,Greater London,E14000655,Croydon North,100
E00005055,E34004707,Greater London BUA,Greater London,E14000656,Croydon South,100
E00005966,E34004707,Greater London BUA,Greater London,E14000674,Ealing Central and Acton,100
E00006011,E34004707,Greater London BUA,Greater London,E14000675,Ealing North,100
E00006057,E34004707,Greater London BUA,Greater London,E14000676,"Ealing, Southall",100
E00006910,E34004707,Greater London BUA,Greater London,E14000692,"Enfield, Southgate",100
E00006949,E34004707,Greater London BUA,Greater London,E14000687,Edmonton,100
E00006991,E34004707,Greater London BUA,Greater London,E14000691,Enfield North,100
E00007839,E34004707,Greater London BUA,Greater London,E14000718,Greenwich and Woolwich,100
E00007932,E34004707,Greater London BUA,Greater London,E14000690,Eltham,100
E00008537,E34004707,Greater London BUA,Greater London,E14000720,Hackney North and Stoke Newington,100
E00008609,E34004707,Greater London BUA,Greater London,E14000721,Hackney South and Shoreditch,100
E00009227,E34004707,Greater London BUA,Greater London,E14000726,Hammersmith,100
E00009385,E34004707,Greater London BUA,Greater London,E14000629,Chelsea and Fulham,100
E00009832,E34004707,Greater London BUA,Greater London,E14000752,Hornsey and Wood Green,100
E00009906,E34004707,Greater London BUA,Greater London,E14001002,Tottenham,100
E00010569,E34004707,Greater London BUA,Greater London,E14000731,Harrow East,100
E00010658,E34004707,Greater London BUA,Greater London,E14000732,Harrow West,100
E00010760,E34004707,Greater London BUA,Greater London,E14000906,"Ruislip, Northwood and Pinner",100
E00011202,E34004707,Greater London BUA,Greater London,E14000900,Romford,100
E00011245,E34004707,Greater London BUA,Greater London,E14000751,Hornchurch and Upminster,100
E00011941,E34004707,Greater London BUA,Greater London,E14000737,Hayes and Harlington,100
E00012011,E34004707,Greater London BUA,Greater London,E14001007,Uxbridge and South Ruislip,100
E00012713,E34004707,Greater London BUA,Greater London,E14000701,Feltham and Heston,100
E00012746,E34004707,Greater London BUA,Greater London,E14000593,Brentford and Isleworth,100
E00013385,E34004707,Greater London BUA,Greater London,E14000764,Islington South and Finsbury,100
E00013580,E34004707,Greater London BUA,Greater London,E14000763,Islington North,100
E00014043,E34004707,Greater London BUA,Greater London,E14000768,Kensington,100
E00014675,E34004707,Greater London BUA,Greater London,E14000770,Kingston and Surbiton,100
E00014768,E34004707,Greater London BUA,Greater London,E14000896,Richmond Park,100
E00015166,E34004707,Greater London BUA,Greater London,E14001008,Vauxhall,100
E00015203,E34004707,Greater London BUA,Greater London,E14000978,Streatham,100
E00015341,E34004707,Greater London BUA,Greater London,E14000673,Dulwich and West Norwood,100
E00016159,E34004707,Greater London BUA,Greater London,E14000787,Lewisham East,100
E00016209,E34004707,Greater London BUA,Greater London,E14000789,"Lewisham, Deptford",100
E00016972,E34004707,Greater London BUA,Greater London,E14001040,Wimbledon,100
E00017036,E34004707,Greater London BUA,Greater London,E14000823,Mitcham and Morden,100
E00017603,E34004707,Greater London BUA,Greater London,E14000679,East Ham,100
E00017681,E34004707,Greater London BUA,Greater London,E14001032,West Ham,100
E00018337,E34004707,Greater London BUA,Greater London,E14000759,Ilford North,100
E00018442,E34004707,Greater London BUA,Greater London,E14000760,Ilford South,100
E00018477,E34004707,Greater London BUA,Greater London,E14000634,Chingford and Woodford Green,100
E00018962,E34004707,Greater London BUA,Greater London,E14000790,Leyton and Wanstead,100
E00019142,E34004707,Greater London BUA,Greater London,E14001005,Twickenham,100
E00019685,E34004707,Greater London BUA,Greater London,E14000615,Camberwell and Peckham,100
E00019766,E34004707,Greater London BUA,Greater London,E14000553,Bermondsey and Old Southwark,100
E00020531,E34004707,Greater London BUA,Greater London,E14000621,Carshalton and Wallington,100
E00020596,E34004707,Greater London BUA,Greater London,E14000984,Sutton and Cheam,100
E00021141,E34004707,Greater London BUA,Greater London,E14000555,Bethnal Green and Bow,100
E00021218,E34004707,Greater London BUA,Greater London,E14000882,Poplar and Limehouse,100
E00021839,E34004707,Greater London BUA,Greater London,E14001013,Walthamstow,100
E00022487,E34004707,Greater London BUA,Greater London,E14000549,Battersea,100
E00022532,E34004707,Greater London BUA,Greater London,E14000998,Tooting,100
E00022626,E34004707,Greater London BUA,Greater London,E14000887,Putney,100
E00023412,E34004707,Greater London BUA,Greater London,E14001036,Westminster North,100
E00081774,E34004707,Greater London BUA,Greater London,E14001042,Windsor,100
E00081816,E34004707,Greater London BUA,Greater London,E14000586,Bracknell,100
E00089873,E34004707,Greater London BUA,Greater London,E14000550,Beaconsfield,100
E00110433,E34004707,Greater London BUA,Greater London,E14000693,Epping Forest,100
E00110696,E34004707,Greater London BUA,Greater London,E14000729,Harlow,100
E00110741,E34004707,Greater London BUA,Greater London,E14000594,Brentwood and Ongar,100
E00118325,E34004707,Greater London BUA,Greater London,E14000606,Broxbourne,100
E00118604,E34004707,Greater London BUA,Greater London,E14000739,Hemel Hempstead,100
E00118739,E34004707,Greater London BUA,Greater London,E14000951,South West Hertfordshire,100
E00119201,E34004707,Greater London BUA,Greater London,E14000744,Hertford and Stortford,100
E00119499,E34004707,Greater London BUA,Greater London,E14000745,Hertsmere,100
E00120180,E34004707,Greater London BUA,Greater London,E14000960,St Albans,100
E00120522,E34004707,Greater London BUA,Greater London,E14000749,Hitchin and Harpenden,100
E00120866,E34004707,Greater London BUA,Greater London,E14001021,Watford,100
E00122530,E34004707,Greater London BUA,Greater London,E14000659,Dartford,100
E00123153,E34004707,Greater London BUA,Greater London,E14000715,Gravesham,100
E00154540,E34004707,Greater London BUA,Greater London,E14000697,Esher and Walton,100
E00154749,E34004707,Greater London BUA,Greater London,E14000907,Runnymede and Weybridge,100
E00154944,E34004707,Greater London BUA,Greater London,E14000694,Epsom and Ewell,100
E00155231,E34004707,Greater London BUA,Greater London,E14000719,Guildford,100
E00155294,E34004707,Greater London BUA,Greater London,E14000824,Mole Valley,100
E00155430,E34004707,Greater London BUA,Greater London,E14001047,Woking,100
E00155864,E34004707,Greater London BUA,Greater London,E14000893,Reigate,100
E00156540,E34004707,Greater London BUA,Greater London,E14000959,Spelthorne,100
E00156867,E34004707,Greater London BUA,Greater London,E14000983,Surrey Heath,100
E00157145,E34004707,Greater London BUA,Greater London,E14000681,East Surrey,100
E00157378,E34004707,Greater London BUA,Greater London,E14000953,South West Surrey,100
E00024141,E34005054,Greater Manchester BUA,Greater Manchester,E14000578,Bolton North East,31
E00024188,E34005054,Greater Manchester BUA,Greater Manchester,E14000580,Bolton West,31
E00024366,E34005054,Greater Manchester BUA,Greater Manchester,E14000579,Bolton South East,31
E00025006,E34005054,Greater Manchester BUA,Greater Manchester,E14000612,Bury South,31
E00025037,E34005054,Greater Manchester BUA,Greater Manchester,E14000611,Bury North,31
E00025604,E34005054,Greater Manchester BUA,Greater Manchester,E14000807,Manchester Central,31
E00025624,E34005054,Greater Manchester BUA,Greater Manchester,E14000808,"Manchester, Gorton",31
E00025638,E34005054,Greater Manchester BUA,Greater Manchester,E14001059,Wythenshawe and Sale East,31
E00025678,E34005054,Greater Manchester BUA,Greater Manchester,E14000809,"Manchester, Withington",31
E00025794,E34005054,Greater Manchester BUA,Greater Manchester,E14000571,Blackley and Broughton,31
E00026945,E34005054,Greater Manchester BUA,Greater Manchester,E14000870,Oldham East and Saddleworth,31
E00026946,E34005054,Greater Manchester BUA,Greater Manchester,E14000871,Oldham West and Royton,31
E00027150,E34005054,Greater Manchester BUA,Greater Manchester,E14000537,Ashton-under-Lyne,31
E00027655,E34005054,Greater Manchester BUA,Greater Manchester,E14000897,Rochdale,31
E00027689,E34005054,Greater Manchester BUA,Greater Manchester,E14000747,Heywood and Middleton,31
E00028328,E34005054,Greater Manchester BUA,Greater Manchester,E14001054,Worsley and Eccles South,31
E00028370,E34005054,Greater Manchester BUA,Greater Manchester,E14000911,Salford and Eccles,31
E00029084,E34005054,Greater Manchester BUA,Greater Manchester,E14000738,Hazel Grove,31
E00029135,E34005054,Greater Manchester BUA,Greater Manchester,E14000969,Stockport,31
E00029213,E34005054,Greater Manchester BUA,Greater Manchester,E14000627,Cheadle,31
E00029690,E34005054,Greater Manchester BUA,Greater Manchester,E14000661,Denton and Reddish,31
E00030446,E34005054,Greater Manchester BUA,Greater Manchester,E14000967,Stalybridge and Hyde,31
E00030771,E34005054,Greater Manchester BUA,Greater Manchester,E14000532,Altrincham and Sale West,31
E00030919,E34005054,Greater Manchester BUA,Greater Manchester,E14000979,Stretford and Urmston,31
E00031532,E34005054,Greater Manchester BUA,Greater Manchester,E14000785,Leigh,31
E00031773,E34005054,Greater Manchester BUA,Greater Manchester,E14000805,Makerfield,31
E00034756,E34005054,Greater Manchester BUA,Greater Manchester,E14000962,St Helens North,31
E00093712,E34005054,Greater Manchester BUA,Greater Manchester,E14000987,Tatton,31
E00094158,E34005054,Greater Manchester BUA,Greater Manchester,E14000802,Macclesfield,31
E00099810,E34005054,Greater Manchester BUA,Greater Manchester,E14000748,High Peak,31
E00128693,E34005054,Greater Manchester BUA,Greater Manchester,E14000902,Rossendale and Darwen,31
E00045077,E34005001,West Midlands BUA,West Midlands,E14000568,"Birmingham, Yardley",28
E00045166,E34005001,West Midlands BUA,West Midlands,E14000566,"Birmingham, Perry Barr",28
E00045169,E34005001,West Midlands BUA,West Midlands,E14000564,"Birmingham, Ladywood",28
E00045249,E34005001,West Midlands BUA,West Midlands,E14000560,"Birmingham, Edgbaston",28
E00045326,E34005001,West Midlands BUA,West Midlands,E14000567,"Birmingham, Selly Oak",28
E00045374,E34005001,West Midlands BUA,West Midlands,E14000562,"Birmingham, Hall Green",28
E00045419,E34005001,West Midlands BUA,West Midlands,E14000565,"Birmingham, Northfield",28
E00045662,E34005001,West Midlands BUA,West Midlands,E14000561,"Birmingham, Erdington",28
E00046051,E34005001,West Midlands BUA,West Midlands,E14000563,"Birmingham, Hodge Hill",28
E00047678,E34005001,West Midlands BUA,West Midlands,E14000985,Sutton Coldfield,28
E00049183,E34005001,West Midlands BUA,West Midlands,E14000976,Stourbridge,28
E00049242,E34005001,West Midlands BUA,West Midlands,E14000722,Halesowen and Rowley Regis,28
E00049283,E34005001,West Midlands BUA,West Midlands,E14000672,Dudley South,28
E00049363,E34005001,West Midlands BUA,West Midlands,E14000671,Dudley North,28
E00049398,E34005001,West Midlands BUA,West Midlands,E14001050,Wolverhampton South East,28
E00050184,E34005001,West Midlands BUA,West Midlands,E14001016,Warley,28
E00050261,E34005001,West Midlands BUA,West Midlands,E14001030,West Bromwich West,28
E00050306,E34005001,West Midlands BUA,West Midlands,E14001029,West Bromwich East,28
E00051109,E34005001,West Midlands BUA,West Midlands,E14000931,Solihull,28
E00051119,E34005001,West Midlands BUA,West Midlands,E14000812,Meriden,28
E00051759,E34005001,West Midlands BUA,West Midlands,E14000531,Aldridge-Brownhills,28
E00051843,E34005001,West Midlands BUA,West Midlands,E14001012,Walsall South,28
E00051886,E34005001,West Midlands BUA,West Midlands,E14001011,Walsall North,28
E00052690,E34005001,West Midlands BUA,West Midlands,E14001049,Wolverhampton North East,28
E00052832,E34005001,West Midlands BUA,West Midlands,E14001051,Wolverhampton South West,28
E00150378,E34005001,West Midlands BUA,West Midlands,E14000986,Tamworth,28
E00150980,E34005001,West Midlands BUA,West Midlands,E14000945,South Staffordshire,28
E00163864,E34005001,West Midlands BUA,West Midlands,E14000605,Bromsgrove,28
E00053353,E34004684,West Yorkshire BUA,West Yorkshire,E14000925,Shipley,22
E00053473,E34004684,West Yorkshire BUA,West Yorkshire,E14000589,Bradford West,22
E00053506,E34004684,West Yorkshire BUA,West Yorkshire,E14000587,Bradford East,22
E00053547,E34004684,West Yorkshire BUA,West Yorkshire,E14000588,Bradford South,22
E00053983,E34004684,West Yorkshire BUA,West Yorkshire,E14000766,Keighley,22
E00054810,E34004684,West Yorkshire BUA,West Yorkshire,E14000614,Calder Valley,22
E00054999,E34004684,West Yorkshire BUA,West Yorkshire,E14000723,Halifax,22
E00055463,E34004684,West Yorkshire BUA,West Yorkshire,E14000756,Huddersfield,22
E00055508,E34004684,West Yorkshire BUA,West Yorkshire,E14000548,Batley and Spen,22
E00055515,E34004684,West Yorkshire BUA,West Yorkshire,E14000666,Dewsbury,22
E00055656,E34004684,West Yorkshire BUA,West Yorkshire,E14000645,Colne Valley,22
E00056750,E34004684,West Yorkshire BUA,West Yorkshire,E14000780,Leeds North West,22
E00056751,E34004684,West Yorkshire BUA,West Yorkshire,E14000886,Pudsey,22
E00056839,E34004684,West Yorkshire BUA,West Yorkshire,E14000781,Leeds West,22
E00056992,E34004684,West Yorkshire BUA,West Yorkshire,E14000777,Leeds Central,22
E00057125,E34004684,West Yorkshire BUA,West Yorkshire,E14000778,Leeds East,22
E00057190,E34004684,West Yorkshire BUA,West Yorkshire,E14000779,Leeds North East,22
E00057902,E34004684,West Yorkshire BUA,West Yorkshire,E14000826,Morley and Outwood,22
E00058601,E34004684,West Yorkshire BUA,West Yorkshire,E14000689,Elmet and Rothwell,22
E00059468,E34004684,West Yorkshire BUA,West Yorkshire,E14001009,Wakefield,22
E00060048,E34004684,West Yorkshire BUA,West Yorkshire,E14000740,Hemsworth,22
E00141237,E34004684,West Yorkshire BUA,West Yorkshire,E14000928,Skipton and Ripon,22
E00031527,E34004801,Liverpool BUA,Liverpool,E14000805,Makerfield,11
E00032499,E34004801,Liverpool BUA,Liverpool,E14000775,Knowsley,11
E00032536,E34004801,Liverpool BUA,Liverpool,E14000708,Garston and Halewood,11
E00032732,E34004801,Liverpool BUA,Liverpool,E14000963,St Helens South and Whiston,11
E00032987,E34004801,Liverpool BUA,Liverpool,E14000793,"Liverpool, Riverside",11
E00033095,E34004801,Liverpool BUA,Liverpool,E14000795,"Liverpool, Wavertree",11
E00033132,E34004801,Liverpool BUA,Liverpool,E14000794,"Liverpool, Walton",11
E00033137,E34004801,Liverpool BUA,Liverpool,E14000796,"Liverpool, West Derby",11
E00034507,E34004801,Liverpool BUA,Liverpool,E14000962,St Helens North,11
E00035156,E34004801,Liverpool BUA,Liverpool,E14000916,Sefton Central,11
E00035242,E34004801,Liverpool BUA,Liverpool,E14000581,Bootle,11
E00069658,E34004946,Nottingham BUA,Nottingham,E14000865,Nottingham East,11
E00069693,E34004946,Nottingham BUA,Nottingham,E14000866,Nottingham North,11
E00069965,E34004946,Nottingham BUA,Nottingham,E14000867,Nottingham South,11
E00085919,E34004977,South Hampshire BUA,South Hampshire,E14000883,Portsmouth North,11
E00085964,E34004977,South Hampshire BUA,South Hampshire,E14000884,Portsmouth South,11
E00086549,E34004977,South Hampshire BUA,South Hampshire,E14000955,"Southampton, Itchen",11
E00086587,E34004977,South Hampshire BUA,South Hampshire,E14000901,Romsey and Southampton North,11
E00086628,E34004977,South Hampshire BUA,South Hampshire,E14000956,"Southampton, Test",11
E00098219,E34004946,Nottingham BUA,Nottingham,E14000533,Amber Valley,11
E00099352,E34004946,Nottingham BUA,Nottingham,E14000695,Erewash,11
E00099677,E34004946,Nottingham BUA,Nottingham,E14000814,Mid Derbyshire,11
E00114828,E34004977,South Hampshire BUA,South Hampshire,E14000811,Meon Valley,11
E00115107,E34004977,South Hampshire BUA,South Hampshire,E14000685,Eastleigh,11
E00115184,E34004977,South Hampshire BUA,South Hampshire,E14001041,Winchester,11
E00115488,E34004977,South Hampshire BUA,South Hampshire,E14000699,Fareham,11
E00115840,E34004977,South Hampshire BUA,South Hampshire,E14000713,Gosport,11
E00116356,E34004977,South Hampshire BUA,South Hampshire,E14000736,Havant,11
E00142277,E34004946,Nottingham BUA,Nottingham,E14000924,Sherwood,11
E00143027,E34004946,Nottingham BUA,Nottingham,E14000607,Broxtowe,11
E00143215,E34004946,Nottingham BUA,Nottingham,E14000535,Ashfield,11
E00143395,E34004946,Nottingham BUA,Nottingham,E14000710,Gedling,11
E00144476,E34004946,Nottingham BUA,Nottingham,E14000908,Rushcliffe,11
E00038827,E34004969,Sheffield BUA,Sheffield,E14000903,Rother Valley,10
E00038877,E34004969,Sheffield BUA,Sheffield,E14000904,Rotherham,10
E00038909,E34004969,Sheffield BUA,Sheffield,E14001028,Wentworth and Dearne,10
E00039619,E34004969,Sheffield BUA,Sheffield,E14000923,"Sheffield, Heeley",10
E00039683,E34004969,Sheffield BUA,Sheffield,E14000920,Sheffield South East,10
E00039747,E34004969,Sheffield BUA,Sheffield,E14000921,"Sheffield, Brightside and Hillsborough",10
E00039800,E34004969,Sheffield BUA,Sheffield,E14000919,Sheffield Central,10
E00039808,E34004969,Sheffield BUA,Sheffield,E14000922,"Sheffield, Hallam",10
E00040805,E34004969,Sheffield BUA,Sheffield,E14000876,Penistone and Stocksbridge,10
E00100141,E34004969,Sheffield BUA,Sheffield,E14000843,North East Derbyshire,10
E00041363,E34004998,Tyneside BUA,Tyneside,E14000709,Gateshead,9
E00041443,E34004998,Tyneside BUA,Tyneside,E14000574,Blaydon,9
E00041784,E34004998,Tyneside BUA,Tyneside,E14000765,Jarrow,9
E00042042,E34004998,Tyneside BUA,Tyneside,E14000831,Newcastle upon Tyne Central,9
E00042067,E34004998,Tyneside BUA,Tyneside,E14000833,Newcastle upon Tyne North,9
E00042107,E34004998,Tyneside BUA,Tyneside,E14000832,Newcastle upon Tyne East,9
E00042931,E34004998,Tyneside BUA,Tyneside,E14000853,North Tyneside,9
E00043034,E34004998,Tyneside BUA,Tyneside,E14001006,Tynemouth,9
E00043609,E34004998,Tyneside BUA,Tyneside,E14000944,South Shields,9
E00072967,E34004965,Bristol BUA,Bristol,E14000846,North East Somerset,9
E00073143,E34004965,Bristol BUA,Bristol,E14000602,Bristol West,9
E00073183,E34004965,Bristol BUA,Bristol,E14000600,Bristol North West,9
E00073224,E34004965,Bristol BUA,Bristol,E14000601,Bristol South,9
E00073338,E34004965,Bristol BUA,Bristol,E14000599,Bristol East,9
E00074591,E34004965,Bristol BUA,Bristol,E14000850,North Somerset,9
E00075090,E34004965,Bristol BUA,Bristol,E14000702,Filton and Bradley Stoke,9
E00075114,E34004965,Bristol BUA,Bristol,E14000774,Kingswood,9
E00075341,E34004965,Bristol BUA,Bristol,E14000994,Thornbury and Yate,9
W00005686,W37000384,Cardiff BUA,Cardiff,W07000080,Cardiff South and Penarth,8
W00005740,W37000384,Cardiff BUA,Cardiff,W07000078,Vale of Glamorgan,8
W00006141,W37000384,Cardiff BUA,Cardiff,W07000070,Cynon Valley,8
W00006230,W37000384,Cardiff BUA,Cardiff,W07000075,Pontypridd,8
W00007021,W37000384,Cardiff BUA,Cardiff,W07000076,Caerphilly,8
W00008779,W37000384,Cardiff BUA,Cardiff,W07000050,Cardiff Central,8
W00008819,W37000384,Cardiff BUA,Cardiff,W07000079,Cardiff West,8
W00009073,W37000384,Cardiff BUA,Cardiff,W07000051,Cardiff North,8
E00041416,E34004630,Sunderland BUA,Sunderland,E14000574,Blaydon,7
E00044090,E34004630,Sunderland BUA,Sunderland,E14000944,South Shields,7
E00044139,E34004630,Sunderland BUA,Sunderland,E14001020,Washington and Sunderland West,7
E00044174,E34004630,Sunderland BUA,Sunderland,E14000982,Sunderland Central,7
E00044242,E34004630,Sunderland BUA,Sunderland,E14000754,Houghton and Sunderland South,7
E00068657,E34004647,Leicester BUA,Leicester,E14000784,Leicester West,7
E00068701,E34004647,Leicester BUA,Leicester,E14000783,Leicester South,7
E00068784,E34004647,Leicester BUA,Leicester,E14000782,Leicester East,7
E00071738,E34004612,Stoke-on-Trent BUA,Stoke-on-Trent,E14000972,Stoke-on-Trent Central,7
E00071859,E34004612,Stoke-on-Trent BUA,Stoke-on-Trent,E14000974,Stoke-on-Trent South,7
E00071900,E34004612,Stoke-on-Trent BUA,Stoke-on-Trent,E14000973,Stoke-on-Trent North,7
E00081833,E34004885,Farnborough/Aldershot BUA,Farnborough/Aldershot,E14000586,Bracknell,7
E00085001,E34004748,Brighton and Hove BUA,Brighton and Hove,E14000755,Hove,7
E00085084,E34004748,Brighton and Hove BUA,Brighton and Hove,E14000597,"Brighton, Kemptown",7
E00085242,E34004748,Brighton and Hove BUA,Brighton and Hove,E14000598,"Brighton, Pavilion",7
E00092935,E34004612,Stoke-on-Trent BUA,Stoke-on-Trent,E14000646,Congleton,7
E00104453,E34004630,Sunderland BUA,Sunderland,E14000840,North Durham,7
E00105319,E34004630,Sunderland BUA,Sunderland,E14000677,Easington,7
E00107530,E34004880,Crawley BUA,Crawley,E14001023,Wealden,7
E00114801,E34004885,Farnborough/Aldershot BUA,Farnborough/Aldershot,E14000680,East Hampshire,7
E00116092,E34004885,Farnborough/Aldershot BUA,Farnborough/Aldershot,E14000530,Aldershot,7
E00116309,E34004885,Farnborough/Aldershot BUA,Farnborough/Aldershot,E14000844,North East Hampshire,7
E00129967,E34004647,Leicester BUA,Leicester,E14000940,South Leicestershire,7
E00130025,E34004647,Leicester BUA,Leicester,E14000625,Charnwood,7
E00130973,E34004647,Leicester BUA,Leicester,E14000909,Rutland and Melton,7
E00131785,E34004647,Leicester BUA,Leicester,E14000728,Harborough,7
E00150500,E34004612,Stoke-on-Trent BUA,Stoke-on-Trent,E14000834,Newcastle-under-Lyme,7
E00150725,E34004612,Stoke-on-Trent BUA,Stoke-on-Trent,E14000966,Staffordshire Moorlands,7
E00151341,E34004612,Stoke-on-Trent BUA,Stoke-on-Trent,E14000975,Stone,7
E00155162,E34004885,Farnborough/Aldershot BUA,Farnborough/Aldershot,E14000983,Surrey Heath,7
E00155397,E34004885,Farnborough/Aldershot BUA,Farnborough/Aldershot,E14001047,Woking,7
E00155716,E34004880,Crawley BUA,Crawley,E14000824,Mole Valley,7
E00155914,E34004880,Crawley BUA,Crawley,E14000893,Reigate,7
E00155938,E34004880,Crawley BUA,Crawley,E14000681,East Surrey,7
E00157458,E34004885,Farnborough/Aldershot BUA,Farnborough/Aldershot,E14000953,South West Surrey,7
E00159790,E34004748,Brighton and Hove BUA,Brighton and Hove,E14000682,East Worthing and Shoreham,7
E00160032,E34004748,Brighton and Hove BUA,Brighton and Hove,E14000534,Arundel and South Downs,7
E00160098,E34004748,Brighton and Hove BUA,Brighton and Hove,E14000576,Bognor Regis and Littlehampton,7
E00160161,E34004748,Brighton and Hove BUA,Brighton and Hove,E14001055,Worthing West,7
E00160881,E34004880,Crawley BUA,Crawley,E14000652,Crawley,7
E00161533,E34004880,Crawley BUA,Crawley,E14000753,Horsham,7
E00161623,E34004880,Crawley BUA,Crawley,E14000817,Mid Sussex,7
W00006943,W37000385,Newport (Newport) BUA,Newport (Newport),W07000077,Islwyn,7
W00007000,W37000385,Newport (Newport) BUA,Newport (Newport),W07000076,Caerphilly,7
W00007651,W37000385,Newport (Newport) BUA,Newport (Newport),W07000072,Blaenau Gwent,7
W00007742,W37000385,Newport (Newport) BUA,Newport (Newport),W07000053,Torfaen,7
W00007799,W37000385,Newport (Newport) BUA,Newport (Newport),W07000054,Monmouth,7
W00008328,W37000385,Newport (Newport) BUA,Newport (Newport),W07000056,Newport West,7
W00008357,W37000385,Newport (Newport) BUA,Newport (Newport),W07000055,Newport East,7
E00048204,E34004855,Coventry BUA,Coventry,E14000650,Coventry North West,6
E00048254,E34004855,Coventry BUA,Coventry,E14000651,Coventry South,6
E00048264,E34004855,Coventry BUA,Coventry,E14000649,Coventry North East,6
E00077179,E34005031,Bournemouth/Poole BUA,Bournemouth/Poole,E14000584,Bournemouth East,6
E00077244,E34005031,Bournemouth/Poole BUA,Bournemouth/Poole,E14000585,Bournemouth West,6
E00077814,E34005031,Bournemouth/Poole BUA,Bournemouth/Poole,E14000881,Poole,6
E00077838,E34005031,Bournemouth/Poole BUA,Bournemouth/Poole,E14000815,Mid Dorset and North Poole,6
E00080972,E34005040,Medway Towns BUA,Medway Towns,E14000626,Chatham and Aylesford,6
E00081038,E34005040,Medway Towns BUA,Medway Towns,E14000711,Gillingham and Rainham,6
E00081423,E34005040,Medway Towns BUA,Medway Towns,E14000898,Rochester and Strood,6
E00081894,E34004640,Reading BUA,Reading,E14000586,Bracknell,6
E00082141,E34004640,Reading BUA,Reading,E14000890,Reading West,6
E00082590,E34004640,Reading BUA,Reading,E14000889,Reading East,6
E00083858,E34004640,Reading BUA,Reading,E14001048,Wokingham,6
E00083910,E34004640,Reading BUA,Reading,E14000803,Maidenhead,6
E00103069,E34005031,Bournemouth/Poole BUA,Bournemouth/Poole,E14000638,Christchurch,6
E00116761,E34005031,Bournemouth/Poole BUA,Bournemouth/Poole,E14000828,New Forest West,6
E00123202,E34005040,Medway Towns BUA,Medway Towns,E14000715,Gravesham,6
E00123530,E34005040,Medway Towns BUA,Medway Towns,E14000700,Faversham and Mid Kent,6
E00124724,E34005040,Medway Towns BUA,Medway Towns,E14000927,Sittingbourne and Sheppey,6
E00126457,E34005039,Preston BUA,Preston,E14000637,Chorley,6
E00128063,E34005039,Preston BUA,Preston,E14000885,Preston,6
E00128103,E34005039,Preston BUA,Preston,E14001057,Wyre and Preston North,6
E00128255,E34005039,Preston BUA,Preston,E14000706,Fylde,6
E00128901,E34005039,Preston BUA,Preston,E14000894,Ribble Valley,6
E00128942,E34005039,Preston BUA,Preston,E14000943,South Ribble,6
E00145981,E34004640,Reading BUA,Reading,E14000742,Henley,6
E00158355,E34004855,Coventry BUA,Coventry,E14000854,North Warwickshire,6
E00158780,E34004855,Coventry BUA,Coventry,E14000905,Rugby,6
E00159379,E34004855,Coventry BUA,Coventry,E14000767,Kenilworth and Southam,6
W00002270,W37000427,Swansea BUA,Swansea,W07000068,Brecon and Radnorshire,6
W00003960,W37000427,Swansea BUA,Swansea,W07000048,Swansea East,6
W00003981,W37000427,Swansea BUA,Swansea,W07000047,Swansea West,6
W00004030,W37000427,Swansea BUA,Swansea,W07000046,Gower,6
W00004706,W37000427,Swansea BUA,Swansea,W07000049,Aberavon,6
W00004724,W37000427,Swansea BUA,Swansea,W07000069,Neath,6
E00036010,E34004654,Birkenhead BUA,Birkenhead,E14001043,Wirral South,5
E00036012,E34004654,Birkenhead BUA,Birkenhead,E14000559,Birkenhead,5
E00036491,E34004654,Birkenhead BUA,Birkenhead,E14001010,Wallasey,5
E00036731,E34004654,Birkenhead BUA,Birkenhead,E14001044,Wirral West,5
E00037085,E34004869,Barnsley/Dearne Valley BUA,Barnsley/Dearne Valley,E14000542,Barnsley East,5
E00037114,E34004869,Barnsley/Dearne Valley BUA,Barnsley/Dearne Valley,E14000541,Barnsley Central,5
E00037395,E34004869,Barnsley/Dearne Valley BUA,Barnsley/Dearne Valley,E14000876,Penistone and Stocksbridge,5
E00038358,E34004869,Barnsley/Dearne Valley BUA,Barnsley/Dearne Valley,E14000669,Doncaster North,5
E00038967,E34004869,Barnsley/Dearne Valley BUA,Barnsley/Dearne Valley,E14001028,Wentworth and Dearne,5
E00060556,E34004802,Teesside BUA,Teesside,E14000819,Middlesbrough,5
E00060670,E34004802,Teesside BUA,Teesside,E14000820,Middlesbrough South and East Cleveland,5
E00061021,E34004802,Teesside BUA,Teesside,E14000891,Redcar,5
E00061461,E34004802,Teesside BUA,Teesside,E14000971,Stockton South,5
E00061485,E34004802,Teesside BUA,Teesside,E14000970,Stockton North,5
E00064333,E34004839,Kingston upon Hull BUA,Kingston upon Hull,E14000772,Kingston upon Hull North,5
E00064406,E34004839,Kingston upon Hull BUA,Kingston upon Hull,E14000773,Kingston upon Hull West and Hessle,5
E00064577,E34004839,Kingston upon Hull BUA,Kingston upon Hull,E14000771,Kingston upon Hull East,5
E00065348,E34004839,Kingston upon Hull BUA,Kingston upon Hull,E14000724,Haltemprice and Howden,5
E00065724,E34004839,Kingston upon Hull BUA,Kingston upon Hull,E14000556,Beverley and Holderness,5
E00083456,E34004704,High Wycombe BUA,High Wycombe,E14000803,Maidenhead,5
E00089680,E34004704,High Wycombe BUA,High Wycombe,E14000631,Chesham and Amersham,5
E00089995,E34004704,High Wycombe BUA,High Wycombe,E14001056,Wycombe,5
E00090027,E34004704,High Wycombe BUA,High Wycombe,E14000538,Aylesbury,5
E00090043,E34004704,High Wycombe BUA,High Wycombe,E14000550,Beaconsfield,5
E00092481,E34004654,Birkenhead BUA,Birkenhead,E14000688,Ellesmere Port and Neston,5
E00063395,E34004557,Blackburn BUA,Blackburn,E14000570,Blackburn,4
E00063469,E34004557,Blackburn BUA,Blackburn,E14000902,Rossendale and Darwen,4
E00063823,E34004900,Blackpool BUA,Blackpool,E14000572,Blackpool North and Cleveleys,4
E00063870,E34004900,Blackpool BUA,Blackpool,E14000573,Blackpool South,4
E00067918,E34004638,Derby BUA,Derby,E14000662,Derby North,4
E00067960,E34004638,Derby BUA,Derby,E14000814,Mid Derbyshire,4
E00068006,E34004638,Derby BUA,Derby,E14000663,Derby South,4
E00079367,E34004983,Luton BUA,Luton,E14000800,Luton North,4
E00079388,E34004983,Luton BUA,Luton,E14000801,Luton South,4
E00079934,E34005046,Southend-on-Sea BUA,Southend-on-Sea,E14000957,Southend West,4
E00080065,E34005046,Southend-on-Sea BUA,Southend-on-Sea,E14000899,Rochford and Southend East,4
E00088663,E34004983,Luton BUA,Luton,E14000949,South West Bedfordshire,4
E00088915,E34004983,Luton BUA,Luton,E14000813,Mid Bedfordshire,4
E00098634,E34004765,Mansfield BUA,Mansfield,E14000577,Bolsover,4
E00100366,E34004638,Derby BUA,Derby,E14000935,South Derbyshire,4
E00107984,E34004645,Basildon BUA,Basildon,E14000544,Basildon and Billericay,4
E00108091,E34004645,Basildon BUA,Basildon,E14000933,South Basildon and East Thurrock,4
E00108340,E34004645,Basildon BUA,Basildon,E14000888,Rayleigh and Wickford,4
E00109108,E34005046,Southend-on-Sea BUA,Southend-on-Sea,E14000622,Castle Point,4
E00109696,E34004645,Basildon BUA,Basildon,E14000806,Maldon,4
E00111312,E34005046,Southend-on-Sea BUA,Southend-on-Sea,E14000888,Rayleigh and Wickford,4
E00126791,E34004900,Blackpool BUA,Blackpool,E14000706,Fylde,4
E00127281,E34004557,Blackburn BUA,Blackburn,E14000758,Hyndburn,4
E00128527,E34004557,Blackburn BUA,Blackburn,E14000894,Ribble Valley,4
E00129622,E34004900,Blackpool BUA,Blackpool,E14001057,Wyre and Preston North,4
E00134749,E34004893,Norwich BUA,Norwich,E14000603,Broadland,4
E00134787,E34004893,Norwich BUA,Norwich,E14000863,Norwich North,4
E00136233,E34004893,Norwich BUA,Norwich,E14000864,Norwich South,4
E00136724,E34004893,Norwich BUA,Norwich,E14000941,South Norfolk,4
E00137301,E34004611,Northampton BUA,Northampton,E14000660,Daventry,4
E00138025,E34004611,Northampton BUA,Northampton,E14000861,Northampton North,4
E00138054,E34004611,Northampton BUA,Northampton,E14000862,Northampton South,4
E00138182,E34004611,Northampton BUA,Northampton,E14000942,South Northamptonshire,4
E00142386,E34004765,Mansfield BUA,Mansfield,E14000535,Ashfield,4
E00143627,E34004765,Mansfield BUA,Mansfield,E14000924,Sherwood,4
E00143774,E34004765,Mansfield BUA,Mansfield,E14000810,Mansfield,4
E00152250,E34004730,Ipswich BUA,Ipswich,E14000946,South Suffolk,4
E00152683,E34004730,Ipswich BUA,Ipswich,E14000761,Ipswich,4
E00152761,E34004730,Ipswich BUA,Ipswich,E14000624,Central Suffolk and North Ipswich,4
E00153746,E34004730,Ipswich BUA,Ipswich,E14000981,Suffolk Coastal,4
E00029910,E34004891,New Mills BUA,New Mills,E14000738,Hazel Grove,3
E00031488,E34004959,Wigan BUA,Wigan,E14000805,Makerfield,3
E00031574,E34004959,Wigan BUA,Wigan,E14001039,Wigan,3
E00037883,E34004696,Doncaster BUA,Doncaster,E14000668,Doncaster Central,3
E00038027,E34004696,Doncaster BUA,Doncaster,E14000669,Doncaster North,3
E00038234,E34004696,Doncaster BUA,Doncaster,E14000667,Don Valley,3
E00069634,E34004894,Stamford BUA,Stamford,E14000909,Rutland and Melton,3
E00071220,E34004622,Telford BUA,Telford,E14000992,The Wrekin,3
E00071239,E34004622,Telford BUA,Telford,E14000989,Telford,3
E00075894,E34005012,Plymouth BUA,Plymouth,E14000879,"Plymouth, Moor View",3
E00075937,E34005012,Plymouth BUA,Plymouth,E14000880,"Plymouth, Sutton and Devonport",3
E00076314,E34005012,Plymouth BUA,Plymouth,E14000950,South West Devon,3
E00078231,E34004828,Swindon BUA,Swindon,E14000851,North Swindon,3
E00078256,E34004828,Swindon BUA,Swindon,E14000947,South Swindon,3
E00078847,E34004894,Stamford BUA,Stamford,E14000855,North West Cambridgeshire,3
E00082125,E34004604,Tadley BUA,Tadley,E14000830,Newbury,3
E00083053,E34004940,Slough BUA,Slough,E14000930,Slough,3
E00083214,E34004940,Slough BUA,Slough,E14001042,Windsor,3
E00083457,E34004673,Marlow BUA,Marlow,E14000803,Maidenhead,3
E00084325,E34005056,Milton Keynes BUA,Milton Keynes,E14000822,Milton Keynes South,3
E00084363,E34005056,Milton Keynes BUA,Milton Keynes,E14000821,Milton Keynes North,3
E00087774,E34005056,Milton Keynes BUA,Milton Keynes,E14000813,Mid Bedfordshire,3
E00088132,E34004993,Bedford BUA,Bedford,E14000552,Bedford,3
E00088161,E34004993,Bedford BUA,Bedford,E14000841,North East Bedfordshire,3
E00088579,E34004993,Bedford BUA,Bedford,E14000813,Mid Bedfordshire,3
E00089829,E34004940,Slough BUA,Slough,E14000550,Beaconsfield,3
E00090178,E34004673,Marlow BUA,Marlow,E14001056,Wycombe,3
E00090250,E34004673,Marlow BUA,Marlow,E14000550,Beaconsfield,3
E00090512,E34004798,Cambridge BUA,Cambridge,E14000617,Cambridge,3
E00090751,E34004798,Cambridge BUA,Cambridge,E14000934,South Cambridgeshire,3
E00092017,E34004798,Cambridge BUA,Cambridge,E14000937,South East Cambridgeshire,3
E00092339,K05000008,Chester BUA,Chester,E14000640,City of Chester,3
E00092751,K05000008,Chester BUA,Chester,E14000686,Eddisbury,3
E00093783,E34004891,New Mills BUA,New Mills,E14000802,Macclesfield,3
E00094240,E34004756,Northwich BUA,Northwich,E14000987,Tatton,3
E00094285,E34004756,Northwich BUA,Northwich,E14000686,Eddisbury,3
E00094343,E34004756,Northwich BUA,Northwich,E14001024,Weaver Vale,3
E00098112,E34004585,Alfreton/South Normanton BUA,Alfreton/South Normanton,E14000533,Amber Valley,3
E00098615,E34004585,Alfreton/South Normanton BUA,Alfreton/South Normanton,E14000577,Bolsover,3
E00098751,E34004985,Chesterfield BUA,Chesterfield,E14000843,North East Derbyshire,3
E00098772,E34004985,Chesterfield BUA,Chesterfield,E14000632,Chesterfield,3
E00099891,E34004891,New Mills BUA,New Mills,E14000748,High Peak,3
E00100307,E34004985,Chesterfield BUA,Chesterfield,E14000577,Bolsover,3
E00100379,E34004970,Burton upon Trent BUA,Burton upon Trent,E14000935,South Derbyshire,3
E00101076,E34004858,Exeter BUA,Exeter,E14000698,Exeter,3
E00101363,E34004858,Exeter BUA,Exeter,E14000678,East Devon,3
E00102527,E34004858,Exeter BUA,Exeter,E14000623,Central Devon,3
E00106132,E34004862,Eastbourne BUA,Eastbourne,E14000684,Eastbourne,3
E00107729,E34004862,Eastbourne BUA,Eastbourne,E14000557,Bexhill and Battle,3
E00107747,E34004862,Eastbourne BUA,Eastbourne,E14000786,Lewes,3
E00107872,E34004599,Billericay BUA,Billericay,E14000544,Basildon and Billericay,3
E00109421,E34004924,Chelmsford BUA,Chelmsford,E14000910,Saffron Walden,3
E00109446,E34004924,Chelmsford BUA,Chelmsford,E14000628,Chelmsford,3
E00109586,E34004924,Chelmsford BUA,Chelmsford,E14000806,Maldon,3
E00109746,E34004599,Billericay BUA,Billericay,E14000806,Maldon,3
E00109905,E34005048,Colchester BUA,Colchester,E14000644,Colchester,3
E00109991,E34005048,Colchester BUA,Colchester,E14001045,Witham,3
E00110007,E34005048,Colchester BUA,Colchester,E14000734,Harwich and North Essex,3
E00113241,E34004693,Gloucester BUA,Gloucester,E14000712,Gloucester,3
E00113424,E34004693,Gloucester BUA,Gloucester,E14000990,Tewkesbury,3
E00113756,E34004693,Gloucester BUA,Gloucester,E14000980,Stroud,3
E00114266,E34004604,Tadley BUA,Tadley,E14000857,North West Hampshire,3
E00114359,E34004604,Tadley BUA,Tadley,E14000844,North East Hampshire,3
E00119199,E34004821,Welwyn Garden City BUA,Welwyn Garden City,E14000968,Stevenage,3
E00119288,E34004821,Welwyn Garden City BUA,Welwyn Garden City,E14000845,North East Hertfordshire,3
E00121414,E34004821,Welwyn Garden City BUA,Welwyn Garden City,E14001027,Welwyn Hatfield,3
E00126160,E34004743,Burnley BUA,Burnley,E14000609,Burnley,3
E00127062,E34004743,Burnley BUA,Burnley,E14000758,Hyndburn,3
E00127769,E34004743,Burnley BUA,Burnley,E14000875,Pendle,3
E00129250,E34004959,Wigan BUA,Wigan,E14001033,West Lancashire,3
E00131688,E34004970,Burton upon Trent BUA,Burton upon Trent,E14000858,North West Leicestershire,3
E00132632,E34005030,Lincoln BUA,Lincoln,E14000792,Lincoln,3
E00132933,E34005030,Lincoln BUA,Lincoln,E14000929,Sleaford and North Hykeham,3
E00133514,E34004894,Stamford BUA,Stamford,E14000714,Grantham and Stamford,3
E00134108,E34005030,Lincoln BUA,Lincoln,E14000707,Gainsborough,3
E00142472,E34004585,Alfreton/South Normanton BUA,Alfreton/South Normanton,E14000535,Ashfield,3
E00145264,E34004572,Oxford BUA,Oxford,E14000873,Oxford East,3
E00145437,E34004572,Oxford BUA,Oxford,E14000874,Oxford West and Abingdon,3
E00145872,E34004572,Oxford BUA,Oxford,E14000742,Henley,3
E00146873,E34004622,Telford BUA,Telford,E14000799,Ludlow,3
E00149834,E34004970,Burton upon Trent BUA,Burton upon Trent,E14000610,Burton,3
E00163005,E34004828,Swindon BUA,Swindon,E14000860,North Wiltshire,3
E00164151,E34004941,Worcester BUA,Worcester,E14001035,West Worcestershire,3
E00164632,E34004941,Worcester BUA,Worcester,E14001052,Worcester,3
E00165257,E34004941,Worcester BUA,Worcester,E14000818,Mid Worcestershire,3
E00170068,E34004599,Billericay BUA,Billericay,E14000594,Brentwood and Ongar,3
W00001767,K05000008,Chester BUA,Chester,W07000043,Alyn and Deeside,3
E00032005,E34004824,Shevington Vale/Shevington BUA,Shevington Vale/Shevington,E14001039,Wigan,2
E00032516,E34004262,Kirkby BUA,Kirkby,E14000775,Knowsley,2
E00032934,E34000181,Widnes BUA,Widnes,E14000963,St Helens South and Whiston,2
E00035073,E34000633,Southport BUA,Southport,E14000958,Southport,2
E00035688,E34004262,Kirkby BUA,Kirkby,E14000916,Sefton Central,2
E00036384,E34001481,Heswall BUA,Heswall,E14001043,Wirral South,2
E00036389,E34001481,Heswall BUA,Heswall,E14001044,Wirral West,2
E00038274,E34004777,Dunscroft BUA,Dunscroft,E14000667,Don Valley,2
E00038641,E34004777,Dunscroft BUA,Dunscroft,E14000669,Doncaster North,2
E00038662,E34004742,Thorne BUA,Thorne,E14000669,Doncaster North,2
E00038664,E34004742,Thorne BUA,Thorne,E14000667,Don Valley,2
E00042153,E34000271,Wideopen BUA,Wideopen,E14000833,Newcastle upon Tyne North,2
E00043002,E34004915,Cramlington BUA,Cramlington,E14000853,North Tyneside,2
E00043544,E34000271,Wideopen BUA,Wideopen,E14000853,North Tyneside,2
E00053728,E34004665,Cross Hills BUA,Cross Hills,E14000766,Keighley,2
E00059520,E34004648,Pontefract BUA,Pontefract,E14000836,"Normanton, Pontefract and Castleford",2
E00060314,E34004472,Wynyard Village BUA,Wynyard Village,E14000733,Hartlepool,2
E00061995,E34004472,Wynyard Village BUA,Wynyard Village,E14000970,Stockton North,2
E00062043,E34002141,Darlington BUA,Darlington,E14000658,Darlington,2
E00062226,E34002141,Darlington BUA,Darlington,E14000915,Sedgefield,2
E00062387,E34000181,Widnes BUA,Widnes,E14000725,Halton,2
E00062410,E34004843,Runcorn BUA,Runcorn,E14001024,Weaver Vale,2
E00062456,E34004843,Runcorn BUA,Runcorn,E14000725,Halton,2
E00062771,E34004251,Warrington BUA,Warrington,E14001018,Warrington South,2
E00062838,E34004251,Warrington BUA,Warrington,E14001017,Warrington North,2
E00065346,E34004962,Dunswell/Thearne BUA,Dunswell/Thearne,E14000724,Haltemprice and Howden,2
E00065768,E34004962,Dunswell/Thearne BUA,Dunswell/Thearne,E14000556,Beverley and Holderness,2
E00066247,E34004917,Grimsby BUA,Grimsby,E14000643,Cleethorpes,2
E00066290,E34004917,Grimsby BUA,Grimsby,E14000716,Great Grimsby,2
E00066779,E34004192,Scunthorpe BUA,Scunthorpe,E14000914,Scunthorpe,2
E00066957,E34000175,Brigg BUA,Brigg,E14000596,Brigg and Goole,2
E00067047,E34004192,Scunthorpe BUA,Scunthorpe,E14000596,Brigg and Goole,2
E00067264,E34000175,Brigg BUA,Brigg,E14000914,Scunthorpe,2
E00067299,E34005036,York BUA,York,E14001061,York Central,2
E00067394,E34005036,York BUA,York,E14001062,York Outer,2
E00070587,E34004334,Hereford BUA,Hereford,E14000743,Hereford and South Herefordshire,2
E00070703,E34004334,Hereford BUA,Hereford,E14000847,North Herefordshire,2
E00070771,K05000002,Hay-on-Wye BUA,Hay-on-Wye,E14000743,Hereford and South Herefordshire,2
E00070823,E34004294,Great Malvern BUA,Great Malvern,E14000847,North Herefordshire,2
E00072563,E34004403,Bath BUA,Bath,E14000547,Bath,2
E00072588,E34004403,Bath BUA,Bath,E14000846,North East Somerset,2
E00072614,E34004995,Limpley Stoke BUA,Limpley Stoke,E14000846,North East Somerset,2
E00074576,E34004614,Yatton BUA,Yatton,E14001038,Weston-Super-Mare,2
E00075066,E34004614,Yatton BUA,Yatton,E14000850,North Somerset,2
E00076755,E34004813,Paignton/Torquay BUA,Paignton/Torquay,E14001001,Totnes,2
E00076814,E34004813,Paignton/Torquay BUA,Paignton/Torquay,E14000999,Torbay,2
E00078848,E34004715,Peterborough BUA,Peterborough,E14000878,Peterborough,2
E00078994,E34004715,Peterborough BUA,Peterborough,E14000855,North West Cambridgeshire,2
E00079073,E34000508,Market Deeping BUA,Market Deeping,E14000855,North West Cambridgeshire,2
E00080505,E34004978,Grays BUA,Grays,E14000995,Thurrock,2
E00080633,E34004978,Grays BUA,Grays,E14000933,South Basildon and East Thurrock,2
E00082137,E34004849,Goring BUA,Goring,E14000830,Newbury,2
E00082406,E34002806,Pangbourne BUA,Pangbourne,E14000890,Reading West,2
E00083429,E34004560,Maidenhead BUA,Maidenhead,E14000803,Maidenhead,2
E00083500,E34004597,Windsor BUA,Windsor,E14000803,Maidenhead,2
E00083523,E34004597,Windsor BUA,Windsor,E14001042,Windsor,2
E00083698,E34004642,Hurley/Danesfield BUA,Hurley/Danesfield,E14000803,Maidenhead,2
E00084166,E34004626,Wargrave BUA,Wargrave,E14000803,Maidenhead,2
E00087834,E34004780,Shefford BUA,Shefford,E14000813,Mid Bedfordshire,2
E00087934,E34004780,Shefford BUA,Shefford,E14000841,North East Bedfordshire,2
E00088379,E34004856,Rushden BUA,Rushden,E14000841,North East Bedfordshire,2
E00088555,E34004768,St Neots BUA,St Neots,E14000841,North East Bedfordshire,2
E00088694,E34002488,Eaton Bray BUA,Eaton Bray,E14000949,South West Bedfordshire,2
E00088989,E34004954,Aylesbury BUA,Aylesbury,E14000538,Aylesbury,2
E00089042,E34004954,Aylesbury BUA,Aylesbury,E14000608,Buckingham,2
E00089126,E34002488,Eaton Bray BUA,Eaton Bray,E14000608,Buckingham,2
E00089562,E34004918,Bovingdon BUA,Bovingdon,E14000631,Chesham and Amersham,2
E00089568,E34000567,Gerrards Cross BUA,Gerrards Cross,E14000631,Chesham and Amersham,2
E00089727,E34002872,Beaconsfield BUA,Beaconsfield,E14000631,Chesham and Amersham,2
E00089795,E34002872,Beaconsfield BUA,Beaconsfield,E14000550,Beaconsfield,2
E00089906,E34000567,Gerrards Cross BUA,Gerrards Cross,E14000550,Beaconsfield,2
E00089980,E34004560,Maidenhead BUA,Maidenhead,E14000550,Beaconsfield,2
E00090019,E34004187,Princes Risborough BUA,Princes Risborough,E14000538,Aylesbury,2
E00090438,E34004187,Princes Risborough BUA,Princes Risborough,E14000608,Buckingham,2
E00090889,E34001461,Newmarket BUA,Newmarket,E14000937,South East Cambridgeshire,2
E00091123,E34004554,Wisbech BUA,Wisbech,E14000842,North East Cambridgeshire,2
E00091498,E34004883,Great Gransden BUA,Great Gransden,E14000757,Huntingdon,2
E00091679,E34004768,St Neots BUA,St Neots,E14000757,Huntingdon,2
E00092046,E34004883,Great Gransden BUA,Great Gransden,E14000934,South Cambridgeshire,2
E00092479,K05000011,Rossett BUA,Rossett,E14000640,City of Chester,2
E00092498,K05000010,Farndon/Holt BUA,Farndon/Holt,E14000686,Eddisbury,2
E00092757,E34004745,Alsager BUA,Alsager,E14000646,Congleton,2
E00093176,E34004745,Alsager BUA,Alsager,E14000653,Crewe and Nantwich,2
E00094916,E34004913,Falmouth BUA,Falmouth,E14001003,Truro and Falmouth,2
E00095047,E34004689,St Day BUA,St Day,E14001003,Truro and Falmouth,2
E00095427,E34004913,Falmouth BUA,Falmouth,E14000616,Camborne and Redruth,2
E00095514,E34004689,St Day BUA,St Day,E14000616,Camborne and Redruth,2
E00096975,E34004988,Carlisle BUA,Carlisle,E14000620,Carlisle,2
E00097141,E34004615,Wetheral BUA,Wetheral,E14000877,Penrith and The Border,2
E00097248,E34004988,Carlisle BUA,Carlisle,E14000877,Penrith and The Border,2
E00097299,E34004615,Wetheral BUA,Wetheral,E14000620,Carlisle,2
E00098148,E34004193,Belper BUA,Belper,E14000814,Mid Derbyshire,2
E00098236,E34004556,Heage/Crich BUA,Heage/Crich,E14000664,Derbyshire Dales,2
E00098259,E34004556,Heage/Crich BUA,Heage/Crich,E14000533,Amber Valley,2
E00098327,E34004553,Selston/Brinsley BUA,Selston/Brinsley,E14000533,Amber Valley,2
E00098349,E34004193,Belper BUA,Belper,E14000533,Amber Valley,2
E00098641,E34001357,Langwith BUA,Langwith,E14000577,Bolsover,2
E00098874,E34004618,Duckmanton BUA,Duckmanton,E14000632,Chesterfield,2
E00100052,E34004845,Clay Cross/North Wingfield BUA,Clay Cross/North Wingfield,E14000843,North East Derbyshire,2
E00100197,E34004845,Clay Cross/North Wingfield BUA,Clay Cross/North Wingfield,E14000577,Bolsover,2
E00100316,E34004618,Duckmanton BUA,Duckmanton,E14000577,Bolsover,2
E00100425,E34004724,Tutbury/Hatton BUA,Tutbury/Hatton,E14000935,South Derbyshire,2
E00101041,E34004365,Lyme Regis BUA,Lyme Regis,E14000996,Tiverton and Honiton,2
E00103581,E34003626,Bourton BUA,Bourton,E14000839,North Dorset,2
E00104016,E34004617,Weymouth BUA,Weymouth,E14001031,West Dorset,2
E00104118,E34004365,Lyme Regis BUA,Lyme Regis,E14001031,West Dorset,2
E00104233,E34004617,Weymouth BUA,Weymouth,E14000936,South Dorset,2
E00104609,E34004610,Sacriston BUA,Sacriston,E14000840,North Durham,2
E00104636,E34004151,Annfield Plain BUA,Annfield Plain,E14000840,North Durham,2
E00104753,E34002451,Esh Winning BUA,Esh Winning,E14000856,North West Durham,2
E00104791,E34004151,Annfield Plain BUA,Annfield Plain,E14000856,North West Durham,2
E00104937,E34004610,Sacriston BUA,Sacriston,E14000641,City of Durham,2
E00105062,E34002451,Esh Winning BUA,Esh Winning,E14000641,City of Durham,2
E00106461,E34004625,Hastings BUA,Hastings,E14000735,Hastings and Rye,2
E00106778,E34004217,Burgess Hill BUA,Burgess Hill,E14000786,Lewes,2
E00107117,E34004625,Hastings BUA,Hastings,E14000557,Bexhill and Battle,2
E00107197,E34001444,Rye BUA,Rye,E14000735,Hastings and Rye,2
E00107268,E34001444,Rye BUA,Rye,E14000557,Bexhill and Battle,2
E00107431,E34004814,Heathfield (Wealden) BUA,Heathfield (Wealden),E14000557,Bexhill and Battle,2
E00107553,E34004814,Heathfield (Wealden) BUA,Heathfield (Wealden),E14001023,Wealden,2
E00108435,E34004796,Braintree BUA,Braintree,E14001045,Witham,2
E00108443,E34004796,Braintree BUA,Braintree,E14000590,Braintree,2
E00108746,E34002711,Bures BUA,Bures,E14000590,Braintree,2
E00110573,E34004022,Matching Green BUA,Matching Green,E14000729,Harlow,2
E00110721,E34004022,Matching Green BUA,Matching Green,E14000594,Brentwood and Ongar,2
E00112295,E34003710,Cheltenham BUA,Cheltenham,E14000630,Cheltenham,2
E00112526,E34003710,Cheltenham BUA,Cheltenham,E14000990,Tewkesbury,2
E00113222,K05000009,Chepstow BUA,Chepstow,E14000705,Forest of Dean,2
E00113608,E34004596,Stroud BUA,Stroud,E14000980,Stroud,2
E00113779,E34004596,Stroud BUA,Stroud,E14000991,The Cotswolds,2
E00114240,E34000306,Hook (Hart) BUA,Hook (Hart),E14000545,Basingstoke,2
E00114243,E34005009,Basingstoke BUA,Basingstoke,E14000545,Basingstoke,2
E00114695,E34005009,Basingstoke BUA,Basingstoke,E14000844,North East Hampshire,2
E00114887,E34004907,Grayshott BUA,Grayshott,E14000680,East Hampshire,2
E00114970,E34004169,Liss BUA,Liss,E14000680,East Hampshire,2
E00116263,E34000306,Hook (Hart) BUA,Hook (Hart),E14000844,North East Hampshire,2
E00116477,E34004153,Emsworth BUA,Emsworth,E14000736,Havant,2
E00116807,E34004953,Lymington BUA,Lymington,E14000827,New Forest East,2
E00116817,E34004569,Tiptoe BUA,Tiptoe,E14000827,New Forest East,2
E00116869,E34004953,Lymington BUA,Lymington,E14000828,New Forest West,2
E00116925,E34004934,Morgan's Vale BUA,Morgan's Vale,E14000828,New Forest West,2
E00117045,E34004569,Tiptoe BUA,Tiptoe,E14000828,New Forest West,2
E00117685,E34004678,West Wellow BUA,West Wellow,E14000901,Romsey and Southampton North,2
E00118661,E34004594,Berkhamsted BUA,Berkhamsted,E14000739,Hemel Hempstead,2
E00118685,E34004594,Berkhamsted BUA,Berkhamsted,E14000951,South West Hertfordshire,2
E00118744,E34004918,Bovingdon BUA,Bovingdon,E14000951,South West Hertfordshire,2
E00119192,E34004682,Stevenage BUA,Stevenage,E14000968,Stevenage,2
E00119694,E34003904,Potters Bar BUA,Potters Bar,E14000745,Hertsmere,2
E00119853,E34004682,Stevenage BUA,Stevenage,E14000749,Hitchin and Harpenden,2
E00120246,E34004803,Hatfield BUA,Hatfield,E14000960,St Albans,2
E00121399,E34003904,Potters Bar BUA,Potters Bar,E14001027,Welwyn Hatfield,2
E00121458,E34004803,Hatfield BUA,Hatfield,E14001027,Welwyn Hatfield,2
E00121790,E34004990,Shalmsford Street BUA,Shalmsford Street,E14000536,Ashford,2
E00122013,E34004868,Charing Heath BUA,Charing Heath,E14000536,Ashford,2
E00122112,E34004990,Shalmsford Street BUA,Shalmsford Street,E14000619,Canterbury,2
E00122129,E34005045,Herne Bay/Whitstable BUA,Herne Bay/Whitstable,E14000619,Canterbury,2
E00122176,E34005045,Herne Bay/Whitstable BUA,Herne Bay/Whitstable,E14000852,North Thanet,2
E00122291,E34004719,Sturry BUA,Sturry,E14000852,North Thanet,2
E00122404,E34004719,Sturry BUA,Sturry,E14000619,Canterbury,2
E00122637,E34004744,Hartley BUA,Hartley,E14000659,Dartford,2
E00122721,E34002651,South Darenth BUA,South Darenth,E14000659,Dartford,2
E00123460,E34004399,Maidstone BUA,Maidstone,E14000804,Maidstone and The Weald,2
E00123490,E34004399,Maidstone BUA,Maidstone,E14000700,Faversham and Mid Kent,2
E00123680,E34004868,Charing Heath BUA,Charing Heath,E14000700,Faversham and Mid Kent,2
E00123763,E34000097,Wateringbury BUA,Wateringbury,E14000804,Maidstone and The Weald,2
E00123920,E34004744,Hartley BUA,Hartley,E14000918,Sevenoaks,2
E00124028,E34002651,South Darenth BUA,South Darenth,E14000918,Sevenoaks,2
E00124617,E34004278,Faversham BUA,Faversham,E14000700,Faversham and Mid Kent,2
E00124963,E34004278,Faversham BUA,Faversham,E14000927,Sittingbourne and Sheppey,2
E00125017,E34004846,Thanet BUA,Thanet,E14000948,South Thanet,2
E00125031,E34004846,Thanet BUA,Thanet,E14000852,North Thanet,2
E00125113,E34004176,Cliffs End BUA,Cliffs End,E14000948,South Thanet,2
E00125390,E34004176,Cliffs End BUA,Cliffs End,E14000852,North Thanet,2
E00125463,E34004573,Ditton BUA,Ditton,E14000626,Chatham and Aylesford,2
E00125578,E34004573,Ditton BUA,Ditton,E14000997,Tonbridge and Malling,2
E00125781,E34000097,Wateringbury BUA,Wateringbury,E14000997,Tonbridge and Malling,2
E00126510,E34004586,Eccleston BUA,Eccleston,E14000637,Chorley,2
E00126700,E34004586,Eccleston BUA,Eccleston,E14000943,South Ribble,2
E00126859,E34004793,Great Eccleston BUA,Great Eccleston,E14000706,Fylde,2
E00127050,E34004905,Accrington/Rossendale BUA,Accrington/Rossendale,E14000758,Hyndburn,2
E00127314,E34004686,Lancaster/Morecambe BUA,Lancaster/Morecambe,E14000825,Morecambe and Lunesdale,2
E00127344,E34004686,Lancaster/Morecambe BUA,Lancaster/Morecambe,E14000776,Lancaster and Fleetwood,2
E00128315,E34002906,Longridge BUA,Longridge,E14001057,Wyre and Preston North,2
E00128495,E34002906,Longridge BUA,Longridge,E14000894,Ribble Valley,2
E00128682,E34004905,Accrington/Rossendale BUA,Accrington/Rossendale,E14000902,Rossendale and Darwen,2
E00129384,E34000633,Southport BUA,Southport,E14001033,West Lancashire,2
E00129596,E34004824,Shevington Vale/Shevington BUA,Shevington Vale/Shevington,E14001033,West Lancashire,2
E00129709,E34004793,Great Eccleston BUA,Great Eccleston,E14001057,Wyre and Preston North,2
E00130023,E34004950,Earl Shilton BUA,Earl Shilton,E14000940,South Leicestershire,2
E00130276,E34004914,Sileby/Barrow upon Soar BUA,Sileby/Barrow upon Soar,E14000797,Loughborough,2
E00130339,E34004423,Markfield BUA,Markfield,E14000625,Charnwood,2
E00130521,E34004680,Mountsorrel BUA,Mountsorrel,E14000625,Charnwood,2
E00130554,E34004680,Mountsorrel BUA,Mountsorrel,E14000797,Loughborough,2
E00130733,E34004914,Sileby/Barrow upon Soar BUA,Sileby/Barrow upon Soar,E14000625,Charnwood,2
E00131025,E34004950,Earl Shilton BUA,Earl Shilton,E14000583,Bosworth,2
E00131262,E34004423,Markfield BUA,Markfield,E14000583,Bosworth,2
E00131333,E34004986,Atherstone BUA,Atherstone,E14000583,Bosworth,2
E00132186,E34004327,Skegness BUA,Skegness,E14000798,Louth and Horncastle,2
E00132297,E34004327,Skegness BUA,Skegness,E14000582,Boston and Skegness,2
E00133544,E34004561,Grantham BUA,Grantham,E14000714,Grantham and Stamford,2
E00133598,E34000508,Market Deeping BUA,Market Deeping,E14000939,South Holland and The Deepings,2
E00133648,E34004561,Grantham BUA,Grantham,E14000929,Sleaford and North Hykeham,2
E00134138,E34004431,West Stockwith BUA,West Stockwith,E14000707,Gainsborough,2
E00134733,E34004194,Badersfield BUA,Badersfield,E14000603,Broadland,2
E00135059,E34001170,Hoveton BUA,Hoveton,E14000603,Broadland,2
E00135483,E34004554,Wisbech BUA,Wisbech,E14000952,South West Norfolk,2
E00135867,E34005022,Briston BUA,Briston,E14000603,Broadland,2
E00135871,E34005022,Briston BUA,Briston,E14000848,North Norfolk,2
E00135968,E34001170,Hoveton BUA,Hoveton,E14000848,North Norfolk,2
E00136096,E34004194,Badersfield BUA,Badersfield,E14000848,North Norfolk,2
E00136754,E34004767,Diss BUA,Diss,E14000941,South Norfolk,2
E00137508,E34004856,Rushden BUA,Rushden,E14001025,Wellingborough,2
E00139411,E34004915,Cramlington BUA,Cramlington,E14000575,Blyth Valley,2
E00140308,E34004665,Cross Hills BUA,Cross Hills,E14000928,Skipton and Ripon,2
E00140779,E34004830,Boroughbridge BUA,Boroughbridge,E14000730,Harrogate and Knaresborough,2
E00141008,E34004830,Boroughbridge BUA,Boroughbridge,E14000928,Skipton and Ripon,2
E00142094,E34004648,Pontefract BUA,Pontefract,E14000917,Selby and Ainsty,2
E00142375,E34004553,Selston/Brinsley BUA,Selston/Brinsley,E14000535,Ashfield,2
E00142825,E34004431,West Stockwith BUA,West Stockwith,E14000546,Bassetlaw,2
E00142878,E34001357,Langwith BUA,Langwith,E14000546,Bassetlaw,2
E00143418,E34003872,Burton Joyce BUA,Burton Joyce,E14000710,Gedling,2
E00143957,E34000310,Rainworth BUA,Rainworth,E14000810,Mansfield,2
E00144170,E34000310,Rainworth BUA,Rainworth,E14000924,Sherwood,2
E00144351,E34003872,Burton Joyce BUA,Burton Joyce,E14000829,Newark,2
E00145723,E34005025,Wallingford BUA,Wallingford,E14001015,Wantage,2
E00145779,E34004576,Moulsford/South Stoke BUA,Moulsford/South Stoke,E14001015,Wantage,2
E00145786,E34005025,Wallingford BUA,Wallingford,E14000742,Henley,2
E00145889,E34004849,Goring BUA,Goring,E14000742,Henley,2
E00145904,E34004576,Moulsford/South Stoke BUA,Moulsford/South Stoke,E14000742,Henley,2
E00145906,E34002806,Pangbourne BUA,Pangbourne,E14000742,Henley,2
E00145980,E34004626,Wargrave BUA,Wargrave,E14000742,Henley,2
E00146108,E34004922,Abingdon BUA,Abingdon,E14000874,Oxford West and Abingdon,2
E00146384,E34004922,Abingdon BUA,Abingdon,E14001015,Wantage,2
E00147243,K05000007,Pant BUA,Pant,E14000849,North Shropshire,2
E00147659,E34001495,Tenbury Wells BUA,Tenbury Wells,E14000799,Ludlow,2
E00148145,E34004580,Burnham-on-Sea BUA,Burnham-on-Sea,E14001026,Wells,2
E00148408,E34004580,Burnham-on-Sea BUA,Burnham-on-Sea,E14000595,Bridgwater and West Somerset,2
E00149548,E34004939,Cannock BUA,Cannock,E14000618,Cannock Chase,2
E00150120,E34004724,Tutbury/Hatton BUA,Tutbury/Hatton,E14000610,Burton,2
E00150320,E34004999,Tamworth BUA,Tamworth,E14000986,Tamworth,2
E00150927,E34004939,Cannock BUA,Cannock,E14000945,South Staffordshire,2
E00152259,E34002711,Bures BUA,Bures,E14000946,South Suffolk,2
E00152437,E34002671,Wattisham Airfield BUA,Wattisham Airfield,E14000946,South Suffolk,2
E00152496,E34001461,Newmarket BUA,Newmarket,E14001034,West Suffolk,2
E00153086,E34004467,Bacton BUA,Bacton,E14000613,Bury St Edmunds,2
E00153202,E34004467,Bacton BUA,Bacton,E14000624,Central Suffolk and North Ipswich,2
E00153233,E34004767,Diss BUA,Diss,E14000624,Central Suffolk and North Ipswich,2
E00153264,E34002671,Wattisham Airfield BUA,Wattisham Airfield,E14000613,Bury St Edmunds,2
E00155425,E34005023,The Sands/Moor Park BUA,The Sands/Moor Park,E14000719,Guildford,2
E00155426,E34004943,Godalming BUA,Godalming,E14000719,Guildford,2
E00155458,E34003814,Chilworth BUA,Chilworth,E14000719,Guildford,2
E00155520,E34003814,Chilworth BUA,Chilworth,E14000824,Mole Valley,2
E00157513,E34005023,The Sands/Moor Park BUA,The Sands/Moor Park,E14000953,South West Surrey,2
E00157590,E34004907,Grayshott BUA,Grayshott,E14000953,South West Surrey,2
E00157593,E34004943,Godalming BUA,Godalming,E14000953,South West Surrey,2
E00157661,E34004734,Haslemere BUA,Haslemere,E14000953,South West Surrey,2
E00158051,E34004633,Nuneaton BUA,Nuneaton,E14000868,Nuneaton,2
E00158071,E34004986,Atherstone BUA,Atherstone,E14000854,North Warwickshire,2
E00158378,E34004633,Nuneaton BUA,Nuneaton,E14000905,Rugby,2
E00159136,E34005057,Redditch BUA,Redditch,E14000977,Stratford-on-Avon,2
E00159155,E34003082,Wellesbourne BUA,Wellesbourne,E14000977,Stratford-on-Avon,2
E00159335,E34003082,Wellesbourne BUA,Wellesbourne,E14000767,Kenilworth and Southam,2
E00159381,E34004841,Royal Leamington Spa BUA,Royal Leamington Spa,E14001019,Warwick and Leamington,2
E00159481,E34004841,Royal Leamington Spa BUA,Royal Leamington Spa,E14000767,Kenilworth and Southam,2
E00160515,E34004153,Emsworth BUA,Emsworth,E14000633,Chichester,2
E00160655,E34004734,Haslemere BUA,Haslemere,E14000633,Chichester,2
E00160759,E34004169,Liss BUA,Liss,E14000633,Chichester,2
E00161640,E34004217,Burgess Hill BUA,Burgess Hill,E14000817,Mid Sussex,2
E00162649,E34004787,Corsham BUA,Corsham,E14000860,North Wiltshire,2
E00162851,E34004787,Corsham BUA,Corsham,E14000635,Chippenham,2
E00163056,E34004678,West Wellow BUA,West Wellow,E14000912,Salisbury,2
E00163168,E34004934,Morgan's Vale BUA,Morgan's Vale,E14000912,Salisbury,2
E00163410,E34003626,Bourton BUA,Bourton,E14000954,South West Wiltshire,2
E00163491,E34005005,Trowbridge BUA,Trowbridge,E14000954,South West Wiltshire,2
E00163515,E34004995,Limpley Stoke BUA,Limpley Stoke,E14000635,Chippenham,2
E00163606,E34005005,Trowbridge BUA,Trowbridge,E14000635,Chippenham,2
E00164061,E34004443,Stoke Prior BUA,Stoke Prior,E14000605,Bromsgrove,2
E00164154,E34004294,Great Malvern BUA,Great Malvern,E14001035,West Worcestershire,2
E00164320,E34001495,Tenbury Wells BUA,Tenbury Wells,E14001035,West Worcestershire,2
E00164377,E34005057,Redditch BUA,Redditch,E14000892,Redditch,2
E00165022,E34004443,Stoke Prior BUA,Stoke Prior,E14000818,Mid Worcestershire,2
E00165183,E34004840,Kidderminster BUA,Kidderminster,E14000818,Mid Worcestershire,2
E00165185,E34004706,Stourport-on-Severn BUA,Stourport-on-Severn,E14000818,Mid Worcestershire,2
E00165278,E34004710,Pershore BUA,Pershore,E14001035,West Worcestershire,2
E00165308,E34004710,Pershore BUA,Pershore,E14000818,Mid Worcestershire,2
E00165340,E34004840,Kidderminster BUA,Kidderminster,E14001058,Wyre Forest,2
E00165363,E34004706,Stourport-on-Severn BUA,Stourport-on-Severn,E14001058,Wyre Forest,2
E00168278,E34004999,Tamworth BUA,Tamworth,E14000854,North Warwickshire,2
E00172609,E34004642,Hurley/Danesfield BUA,Hurley/Danesfield,E14001056,Wycombe,2
W00000668,W37000408,Colwyn Bay BUA,Colwyn Bay,W07000059,Clwyd West,2
W00000701,W37000408,Colwyn Bay BUA,Colwyn Bay,W07000058,Aberconwy,2
W00001336,W37000386,Buckley BUA,Buckley,W07000042,Delyn,2
W00001345,W37000386,Buckley BUA,Buckley,W07000043,Alyn and Deeside,2
W00001445,W37000380,Hope (Flintshire) BUA,Hope (Flintshire),W07000043,Alyn and Deeside,2
W00001658,W37000089,Leeswood BUA,Leeswood,W07000042,Delyn,2
W00001665,W37000089,Leeswood BUA,Leeswood,W07000043,Alyn and Deeside,2
W00001832,W37000376,Wrexham BUA,Wrexham,W07000044,Wrexham,2
W00001863,W37000376,Wrexham BUA,Wrexham,W07000062,Clwyd South,2
W00002014,W37000380,Hope (Flintshire) BUA,Hope (Flintshire),W07000044,Wrexham,2
W00002043,K05000010,Farndon/Holt BUA,Farndon/Holt,W07000044,Wrexham,2
W00002215,K05000011,Rossett BUA,Rossett,W07000044,Wrexham,2
W00002378,K05000002,Hay-on-Wye BUA,Hay-on-Wye,W07000068,Brecon and Radnorshire,2
W00002443,K05000007,Pant BUA,Pant,W07000063,Montgomeryshire,2
W00002719,W37000387,Cardigan BUA,Cardigan,W07000064,Ceredigion,2
W00002832,W37000324,Newcastle Emlyn BUA,Newcastle Emlyn,W07000064,Ceredigion,2
W00002845,W37000220,Llandysul BUA,Llandysul,W07000064,Ceredigion,2
W00003292,W37000387,Cardigan BUA,Cardigan,W07000065,Preseli Pembrokeshire,2
W00003361,W37000391,Ammanford BUA,Ammanford,W07000067,Carmarthen East and Dinefwr,2
W00003424,W37000359,Carmarthen BUA,Carmarthen,W07000066,Carmarthen West and South Pembrokeshire,2
W00003474,W37000324,Newcastle Emlyn BUA,Newcastle Emlyn,W07000067,Carmarthen East and Dinefwr,2
W00003560,W37000308,Pontyates BUA,Pontyates,W07000045,Llanelli,2
W00003578,W37000146,Pontarddulais BUA,Pontarddulais,W07000045,Llanelli,2
W00003689,W37000220,Llandysul BUA,Llandysul,W07000067,Carmarthen East and Dinefwr,2
W00003726,W37000359,Carmarthen BUA,Carmarthen,W07000067,Carmarthen East and Dinefwr,2
W00003734,W37000308,Pontyates BUA,Pontyates,W07000067,Carmarthen East and Dinefwr,2
W00003744,W37000391,Ammanford BUA,Ammanford,W07000045,Llanelli,2
W00003856,W37000400,Gwaun-Cae-Gurwen/Brynamman BUA,Gwaun-Cae-Gurwen/Brynamman,W07000067,Carmarthen East and Dinefwr,2
W00003864,W37000320,Cwmllynfell BUA,Cwmllynfell,W07000067,Carmarthen East and Dinefwr,2
W00004514,W37000146,Pontarddulais BUA,Pontarddulais,W07000046,Gower,2
W00004794,W37000345,Pontrhydyfen BUA,Pontrhydyfen,W07000049,Aberavon,2
W00004889,W37000320,Cwmllynfell BUA,Cwmllynfell,W07000069,Neath,2
W00004893,W37000396,Maesteg BUA,Maesteg,W07000049,Aberavon,2
W00004936,W37000400,Gwaun-Cae-Gurwen/Brynamman BUA,Gwaun-Cae-Gurwen/Brynamman,W07000069,Neath,2
W00005023,W37000345,Pontrhydyfen BUA,Pontrhydyfen,W07000069,Neath,2
W00005174,W37000394,Bridgend BUA,Bridgend,W07000074,Ogmore,2
W00005199,W37000394,Bridgend BUA,Bridgend,W07000073,Bridgend,2
W00005256,W37000396,Maesteg BUA,Maesteg,W07000074,Ogmore,2
W00005606,W37000342,Barry BUA,Barry,W07000078,Vale of Glamorgan,2
W00005972,W37000342,Barry BUA,Barry,W07000080,Cardiff South and Penarth,2
W00006150,W37000422,Tonypandy BUA,Tonypandy,W07000052,Rhondda,2
W00006268,W37000414,Llantrisant BUA,Llantrisant,W07000074,Ogmore,2
W00006286,W37000414,Llantrisant BUA,Llantrisant,W07000075,Pontypridd,2
W00006489,W37000422,Tonypandy BUA,Tonypandy,W07000075,Pontypridd,2
W00006756,W37000378,Treharris BUA,Treharris,W07000071,Merthyr Tydfil and Rhymney,2
W00007213,W37000378,Treharris BUA,Treharris,W07000076,Caerphilly,2
W00007879,W37000123,Caerleon BUA,Caerleon,W07000054,Monmouth,2
W00008049,W37000177,Cil-y-coed BUA,Cil-y-coed,W07000055,Newport East,2
W00008129,K05000009,Chepstow BUA,Chepstow,W07000054,Monmouth,2
W00008213,W37000177,Cil-y-coed BUA,Cil-y-coed,W07000054,Monmouth,2
W00008436,W37000123,Caerleon BUA,Caerleon,W07000056,Newport West,2
